subject,subject_alias,experiment,original_experiment,session,original_session,session_log,session_json,session_jsonl,median_beep_time,log_type
R1001P,R1001P,FR1,X,0,0,True,False,False,0.0233,log
R1001P,R1001P,FR1,X,1,1,True,False,False,0.0706,log
R1001P,R1001P,FR2,X,0,0,True,False,False,0.0345,log
R1001P,R1001P,FR2,X,1,1,True,False,False,0.05375,log
R1002P,R1002P,FR1,X,0,0,True,False,False,0.031549999999999995,log
R1002P,R1002P,FR1,X,1,1,True,False,False,0.0437,log
R1002P,R1002P,FR2,X,0,0,True,False,False,0.0576,log
R1002P,R1002P,FR2,X,1,1,True,False,False,0.07505,log
R1002P,R1002P,FR2,X,2,2,True,False,False,0.0762,log
R1003P,R1003P,FR1,X,0,-999,True,False,False,0.06384999999999999,log
R1003P,R1003P,FR1,X,1,-999,True,False,False,0.043800000000000006,log
R1003P,R1003P,FR2,X,0,0,True,False,False,0.055400000000000005,log
R1004D,R1004D,catFR1,X,0,0,True,False,False,0.027450000000000002,log
R1006P,R1006P,FR1,X,0,0,True,False,False,0.03245,log
R1006P,R1006P,FR1,X,1,1,True,False,False,0.0574,log
R1006P,R1006P_1,FR2,X,0,0,True,False,False,0.10405,log
R1006P,R1006P_1,FR2,X,1,1,True,False,False,0.0279,log
R1010J,R1010J,FR1,X,0,0,True,False,False,0.03925,log
R1010J,R1010J,FR1,X,1,1,True,False,False,0.03425,log
R1013E,R1013E_1,catFR1,X,0,0,True,False,False,0.02695,log
R1015J,R1015J,catFR1,X,0,0,True,False,False,0.06215,log
R1016M,R1016M,FR2,X,0,0,True,False,False,0.0295,log
R1016M,R1016M,catFR1,X,0,0,True,False,False,0.027049999999999998,log
R1016M,R1016M,catFR1,X,1,1,True,False,False,0.0283,log
R1016M,R1016M,catFR2,X,0,0,True,False,False,0.02985,log
R1018P,R1018P,FR1,X,0,0,True,False,False,0.03155,log
R1018P,R1018P,FR2,X,0,0,True,False,False,0.0809,log
R1018P,R1018P_1,FR2,X,1,0,True,False,False,0.0332,log
R1020J,R1020J,FR1,X,0,0,True,False,False,0.025799999999999997,log
R1021D,R1021D,catFR1,X,0,0,True,False,False,0.062,log
R1022J,R1022J,FR1,X,0,0,True,False,False,0.0254,log
R1022J,R1022J,FR2,X,0,0,True,False,False,0.02885,log
R1022J,R1022J,FR2,X,1,1,True,False,False,0.05295,log
R1023J,R1023J,FR1,X,0,0,True,False,False,0.03,log
R1023J,R1023J,FR2,X,0,0,True,False,False,0.026,log
R1023J,R1023J,FR2,X,1,1,True,False,False,0.022850000000000002,log
R1024E,R1024E_1,catFR1,X,0,0,True,False,False,0.023600000000000003,log
R1024E,R1024E_1,catFR2,X,0,0,True,False,False,0.032049999999999995,log
R1024E,R1024E_1,catFR2,X,1,1,True,False,False,0.0205,log
R1024E,R1024E_2,FR2,X,0,0,True,False,False,0.0189,log
R1026D,R1026D,FR1,X,0,0,True,False,False,0.05835,log
R1026D,R1026D,FR2,X,0,0,True,False,False,0.0409,log
R1026D,R1026D,FR2,X,1,1,True,False,False,0.027049999999999998,log
R1026D,R1026D,catFR1,X,0,0,True,False,False,0.02345,log
R1026D,R1026D,catFR2,X,0,0,True,False,False,0.0468,log
R1026D,R1026D,catFR2,X,1,1,True,False,False,0.047850000000000004,log
R1026D,R1026D,catFR2,X,2,2,True,False,False,0.0315,log
R1027J,R1027J,FR1,X,0,-999,True,False,False,0.02555,log
R1027J,R1027J,FR2,X,0,0,True,False,False,0.059550000000000006,log
R1027J,R1027J,FR2,X,1,1,True,False,False,0.0237,log
R1027J,R1027J,FR2,X,2,2,True,False,False,0.01285,log
R1028M,R1028M,FR2,X,0,0,True,False,False,0.02725,log
R1028M,R1028M,FR2,X,1,1,True,False,False,0.0279,log
R1028M,R1028M,FR2,X,2,2,True,False,False,0.04,log
R1028M,R1028M,catFR1,X,0,0,True,False,False,0.02795,log
R1028M,R1028M,catFR1,X,1,1,True,False,False,0.027,log
R1028M,R1028M,catFR2,X,0,0,True,False,False,0.029249999999999998,log
R1029W,R1029W,catFR2,X,0,0,True,False,False,0.032100000000000004,log
R1029W,R1029W,catFR2,X,1,1,True,False,False,0.0242,log
R1030J,R1030J,FR1,X,0,0,True,False,False,0.02275,log
R1030J,R1030J,FR2,X,0,0,True,False,False,0.02095,log
R1030J,R1030J,FR2,X,1,1,True,False,False,0.033,log
R1030J,R1030J,FR2,X,2,2,True,False,False,0.0366,log
R1030J,R1030J,FR2,X,3,3,True,False,False,0.03995,log
R1030J,R1030J,FR2,X,4,4,True,False,False,0.0412,log
R1030J,R1030J,FR2,X,5,5,True,False,False,0.04995,log
R1030J,R1030J,FR2,X,6,6,True,False,False,0.0354,log
R1031M,R1031M,FR1,X,0,0,True,False,False,0.022350000000000002,log
R1031M,R1031M,FR2,X,0,0,True,False,False,0.03025,log
R1031M,R1031M,catFR1,X,0,0,True,False,False,0.02365,log
R1031M,R1031M,catFR2,X,0,0,True,False,False,0.02515,log
R1032D,R1032D,FR1,X,0,0,True,False,False,0.0284,log
R1032D,R1032D,catFR1,X,0,0,True,False,False,0.034,log
R1032D,R1032D,catFR1,X,1,1,True,False,False,0.038599999999999995,log
R1033D,R1033D,FR1,X,0,-999,True,False,False,0.0602,log
R1033D,R1033D,FR2,X,0,0,True,False,False,0.02975,log
R1033D,R1033D,FR2,X,1,1,True,False,False,0.03115,log
R1033D,R1033D,FR2,X,2,2,True,False,False,0.039,log
R1034D,R1034D,FR1,X,0,-999,True,False,False,0.0368,log
R1034D,R1034D,FR1,X,1,-999,True,False,False,0.08235,log
R1034D,R1034D,FR1,X,2,-999,True,False,False,0.03295,log
R1035M,R1035M,FR1,X,0,-999,True,False,False,0.0291,log
R1035M,R1035M,FR2,X,0,0,True,False,False,0.02365,log
R1035M,R1035M,catFR1,X,0,0,True,False,False,0.02615,log
R1036M,R1036M,FR1,X,0,0,True,False,False,0.0282,log
R1036M,R1036M,FR2,X,0,0,True,False,False,0.02735,log
R1036M,R1036M,catFR1,X,0,0,True,False,False,0.0299,log
R1036M,R1036M,catFR2,X,0,0,True,False,False,0.02985,log
R1036M,R1036M,catFR2,X,1,1,True,False,False,0.02805,log
R1036M,R1036M,catFR2,X,2,2,True,False,False,0.03015,log
R1039M,R1039M,catFR2,X,0,0,True,False,False,0.02765,log
R1041M,R1041M,catFR1,X,0,0,True,False,False,0.030350000000000002,log
R1041M,R1041M,catFR2,X,0,0,True,False,False,0.029449999999999997,log
R1042M,R1042M,FR1,X,0,0,True,False,False,0.02995,log
R1042M,R1042M,FR2,X,0,0,True,False,False,0.039349999999999996,log
R1042M,R1042M,catFR1,X,0,0,True,False,False,0.0264,log
R1042M,R1042M,catFR2,X,0,0,True,False,False,0.02605,log
R1044J,R1044J,FR1,X,0,0,True,False,False,0.045149999999999996,log
R1045E,R1045E,FR1,X,0,0,True,False,False,0.022,log
R1045E,R1045E,catFR1,X,0,0,True,False,False,0.02015,log
R1045E,R1045E,catFR1,X,1,1,True,False,False,0.0289,log
R1048E,R1048E,FR1,X,0,0,True,False,False,0.0264,log
R1048E,R1048E_1,FR2,X,0,0,True,False,False,0.0218,log
R1049J,R1049J,FR1,X,0,-999,True,False,False,0.027450000000000002,log
R1050M,R1050M,FR1,X,0,0,True,False,False,0.027,log
R1050M,R1050M,FR2,X,0,0,True,False,False,0.033299999999999996,log
R1050M,R1050M,catFR1,X,0,0,True,False,False,0.02375,log
R1050M,R1050M,catFR2,X,0,0,True,False,False,0.0513,log
R1051J,R1051J,FR1,X,0,0,True,False,False,0.0291,log
R1051J,R1051J,FR1,X,1,1,True,False,False,0.0363,log
R1051J,R1051J,FR1,X,2,2,True,False,False,0.032850000000000004,log
R1052E,R1052E_1,FR1,X,0,0,True,False,False,0.03905,log
R1052E,R1052E_1,FR1,X,1,1,True,False,False,0.041550000000000004,log
R1052E,R1052E_1,FR2,X,0,0,True,False,False,0.0238,log
R1053M,R1053M,FR1,X,0,0,True,False,False,0.02685,log
R1053M,R1053M,FR2,X,0,0,True,False,False,0.024800000000000003,log
R1054J,R1054J,FR1,X,0,0,True,False,False,0.0161,log
R1054J,R1054J,FR1,X,1,1,True,False,False,0.019950000000000002,log
R1056M,R1056M,FR1,X,0,-999,True,False,False,0.02445,log
R1056M,R1056M,FR2,X,0,0,True,False,False,0.0295,log
R1056M,R1056M,catFR1,X,0,0,True,False,False,0.022899999999999997,log
R1057E,R1057E,FR1,X,0,-999,True,False,False,0.054599999999999996,log
R1059J,R1059J,FR1,X,0,0,True,False,False,0.02735,log
R1059J,R1059J,FR1,X,1,1,True,False,False,0.02955,log
R1060M,R1060M,FR1,X,0,0,True,False,False,0.022949999999999998,log
R1060M,R1060M,FR1,X,1,1,True,False,False,0.0259,log
R1060M,R1060M,FR1,X,2,2,True,False,False,0.02255,log
R1060M,R1060M,FR1,X,3,3,True,False,False,0.02645,log
R1060M,R1060M,FR2,X,0,0,True,False,False,0.0277,log
R1060M,R1060M,FR2,X,1,1,True,False,False,0.0241,log
R1060M,R1060M,catFR1,X,0,0,True,False,False,0.027999999999999997,log
R1060M,R1060M,catFR2,X,0,0,True,False,False,0.029,log
R1061T,R1061T,FR1,X,0,0,True,False,False,0.0291,log
R1061T,R1061T,FR1,X,1,1,True,False,False,0.030449999999999998,log
R1061T,R1061T,FR1,X,2,2,True,False,False,0.03295,log
R1061T,R1061T,FR1,X,3,3,True,False,False,0.0288,log
R1061T,R1061T,catFR1,X,0,0,True,False,False,0.03815,log
R1062J,R1062J,FR1,X,0,0,True,False,False,0.0266,log
R1062J,R1062J,FR1,X,1,1,True,False,False,0.0255,log
R1062J,R1062J,FR1,X,2,2,True,False,False,0.0287,log
R1062J,R1062J,FR1,X,3,3,True,False,False,0.028900000000000002,log
R1063C,R1063C,FR1,X,0,-999,True,False,False,0.028,log
R1063C,R1063C_1,FR1,X,1,0,True,False,False,0.0509,log
R1065J,R1065J,FR1,X,0,0,True,False,False,0.026750000000000003,log
R1065J,R1065J,FR1,X,1,1,True,False,False,0.0406,log
R1065J,R1065J,FR1,X,2,2,True,False,False,0.02635,log
R1065J,R1065J,FR1,X,3,3,True,False,False,0.0319,log
R1065J,R1065J,FR1,X,4,4,True,False,False,0.035500000000000004,log
R1065J,R1065J,FR1,X,5,5,True,False,False,0.031149999999999997,log
R1065J,R1065J,catFR1,X,0,0,True,False,False,0.0278,log
R1065J,R1065J,catFR1,X,1,1,True,False,False,0.02275,log
R1065J,R1065J,catFR1,X,2,2,True,False,False,0.02435,log
R1065J,R1065J,catFR1,X,3,3,True,False,False,0.03505,log
R1066P,R1066P,FR1,X,0,-999,True,False,False,0.0664,log
R1066P,R1066P,FR1,X,1,-999,True,False,False,0.045649999999999996,log
R1066P,R1066P,FR1,X,2,-999,True,False,False,0.0554,log
R1066P,R1066P,FR1,X,3,-999,True,False,False,0.1023,log
R1066P,R1066P,catFR1,X,0,-999,True,False,False,0.037,log
R1066P,R1066P,catFR1,X,1,-999,True,False,False,0.08365,log
R1066P,R1066P,catFR1,X,2,-999,True,False,False,0.0698,log
R1067P,R1067P,FR1,X,0,0,True,False,False,0.06085,log
R1067P,R1067P,FR1,X,1,2,True,False,False,0.0326,log
R1067P,R1067P,FR1,X,2,3,True,False,False,0.0234,log
R1067P,R1067P,catFR1,X,0,0,True,False,False,0.0327,log
R1067P,R1067P,catFR1,X,1,1,True,False,False,0.0956,log
R1067P,R1067P,catFR2,X,0,0,True,False,False,0.0324,log
R1068J,R1068J,FR1,X,0,-999,True,False,False,0.0332,log
R1068J,R1068J,FR1,X,1,-999,True,False,False,0.0266,log
R1068J,R1068J,FR1,X,2,-999,True,False,False,0.0251,log
R1069M,R1069M,FR1,X,0,-999,True,False,False,0.0295,log
R1069M,R1069M,FR2,X,0,0,True,False,False,0.026299999999999997,log
R1069M,R1069M,catFR1,X,0,-999,True,False,False,0.028249999999999997,log
R1069M,R1069M,catFR2,X,0,0,True,False,False,0.022850000000000002,log
R1070T,R1070T,FR1,X,0,0,True,False,False,0.027299999999999998,log
R1070T,R1070T,FR1,X,1,-999,True,False,False,0.0221,log
R1070T,R1070T,FR1,X,2,2,True,False,False,0.02735,log
R1070T,R1070T,FR2,X,0,0,True,False,False,0.034,log
R1074M,R1074M,FR1,X,0,0,True,False,False,0.027049999999999998,log
R1074M,R1074M,FR2,X,0,0,True,False,False,0.02605,log
R1074M,R1074M,catFR1,X,0,0,True,False,False,0.0234,log
R1074M,R1074M,catFR2,X,0,0,True,False,False,0.0246,log
R1075J,R1075J,FR1,X,0,-999,True,False,False,0.0251,log
R1075J,R1075J,FR1,X,1,-999,True,False,False,0.0324,log
R1075J,R1075J,catFR1,X,0,-999,True,False,False,0.0289,log
R1077T,R1077T,FR1,X,0,0,True,False,False,0.045399999999999996,log
R1077T,R1077T,FR1,X,1,1,True,False,False,0.0274,log
R1077T,R1077T,FR1,X,2,2,True,False,False,0.026799999999999997,log
R1077T,R1077T,FR1,X,3,3,True,False,False,0.03565,log
R1077T,R1077T,FR2,X,0,0,True,False,False,0.02895,log
R1080E,R1080E,FR1,X,0,0,True,False,False,0.0259,log
R1080E,R1080E,FR1,X,1,1,True,False,False,0.0511,log
R1081J,R1081J,FR1,X,0,0,True,False,False,0.0325,log
R1081J,R1081J,FR1,X,1,1,True,False,False,0.03005,log
R1083J,R1083J,FR1,X,0,0,True,False,False,0.0288,log
R1083J,R1083J,FR1,X,1,1,True,False,False,0.0335,log
R1083J,R1083J,FR1,X,2,2,True,False,False,0.0249,log
R1083J,R1083J,FR1,X,4,4,True,False,False,0.028650000000000002,log
R1083J,R1083J,catFR1,X,0,0,True,False,False,0.0562,log
R1084T,R1084T,FR1,X,0,-999,True,False,False,0.0319,log
R1085C,R1085C,FR2,X,0,0,True,False,False,0.028450000000000003,log
R1086M,R1086M,FR1,X,0,0,True,False,False,0.0265,log
R1086M,R1086M,catFR1,X,0,0,True,False,False,0.0347,log
R1089P,R1089P,FR1,X,0,0,True,False,False,0.0897,log
R1089P,R1089P,catFR1,X,0,0,True,False,False,0.10495,log
R1092J,R1092J,catFR1,X,0,0,True,False,False,0.02695,log
R1092J,R1092J_1,catFR2,X,0,0,True,False,False,0.0413,log
R1092J,R1092J_2,FR1,X,0,0,True,False,False,0.0308,log
R1092J,R1092J_2,FR1,X,1,1,True,False,False,0.02665,log
R1092J,R1092J_2,FR1,X,2,2,True,False,False,0.024050000000000002,log
R1092J,R1092J_3,FR1,X,3,0,True,False,False,0.0313,log
R1093J,R1093J,catFR1,X,0,0,True,False,False,0.02475,log
R1093J,R1093J_1,FR1,X,0,0,True,False,False,0.0239,log
R1093J,R1093J_1,FR1,X,1,1,True,False,False,0.041800000000000004,log
R1093J,R1093J_1,FR1,X,2,9,True,False,False,0.0302,log
R1094T,R1094T,FR1,X,0,-999,True,False,False,0.028900000000000002,log
R1094T,R1094T,FR1,X,1,1,True,False,False,0.07075000000000001,log
R1094T,R1094T,FR1,X,2,2,True,False,False,0.04085,log
R1094T,R1094T,catFR1,X,0,0,True,False,False,0.05055,log
R1096E,R1096E,FR1,X,0,0,True,False,False,0.0281,log
R1096E,R1096E,FR1,X,1,1,True,False,False,0.067,log
R1098D,R1098D,FR1,X,0,0,True,False,False,0.0264,log
R1098D,R1098D,FR1,X,1,2,True,False,False,0.029199999999999997,log
R1098D,R1098D,FR1,X,2,3,True,False,False,0.02535,log
R1100D,R1100D,FR1,X,0,1,True,False,False,0.04265,log
R1100D,R1100D,FR1,X,1,-999,True,False,False,0.04265,log
R1100D,R1100D,FR1,X,2,-999,True,False,False,0.0354,log
R1101T,R1101T,FR1,X,0,0,True,False,False,0.0271,log
R1101T,R1101T,FR2,X,0,0,True,False,False,0.0285,log
R1102P,R1102P,FR1,X,0,-999,True,False,False,0.0833,log
R1102P,R1102P,catFR1,X,0,-999,True,False,False,0.0739,log
R1102P,R1102P,catFR1,X,1,-999,True,False,False,0.0597,log
R1104D,R1104D,FR1,X,0,-999,True,False,False,0.030600000000000002,log
R1105E,R1105E,FR1,X,0,-999,True,False,False,0.0479,log
R1105E,R1105E,catFR1,X,0,-999,True,False,False,0.0314,log
R1106M,R1106M,FR1,X,0,0,True,False,False,0.0276,log
R1106M,R1106M,FR1,X,1,1,True,False,False,0.02855,log
R1106M,R1106M,catFR1,X,0,0,True,False,False,0.0263,log
R1107J,R1107J,catFR1,X,0,0,True,False,False,0.027200000000000002,log
R1107J,R1107J,catFR1,X,1,1,True,False,False,0.030900000000000004,log
R1108J,R1108J,catFR1,X,0,0,True,False,False,0.0234,log
R1108J,R1108J,catFR1,X,1,1,True,False,False,0.06645000000000001,log
R1108J,R1108J,catFR1,X,2,2,True,False,False,0.0283,log
R1108J,R1108J,catFR1,X,3,3,True,False,False,0.06,log
R1108J,R1108J_1,FR1,X,0,0,True,False,False,0.02365,log
R1108J,R1108J_1,FR1,X,1,1,True,False,False,0.0263,log
R1108J,R1108J_1,FR1,X,2,2,True,False,False,0.02315,log
R1108J,R1108J_1,FR1,X,3,3,True,False,False,0.04035,log
R1111M,R1111M,FR1,X,0,0,True,False,False,0.0246,log
R1111M,R1111M,FR1,X,1,1,True,False,False,0.030850000000000002,log
R1111M,R1111M,FR1,X,2,2,True,False,False,0.0296,log
R1111M,R1111M,FR1,X,3,3,True,False,False,0.029,log
R1111M,R1111M,FR2,X,0,0,True,False,False,0.025599999999999998,log
R1111M,R1111M,FR2,X,1,1,True,False,False,0.02435,log
R1111M,R1111M,FR2,X,2,2,True,False,False,0.0277,log
R1111M,R1111M,FR2,X,3,3,True,False,False,0.026,log
R1111M,R1111M,FR2,X,4,4,True,False,False,0.02765,log
R1111M,R1111M,FR2,X,5,5,True,False,False,0.0315,log
R1111M,R1111M,catFR1,X,0,0,True,False,False,0.0259,log
R1111M,R1111M,catFR1,X,1,1,True,False,False,0.02715,log
R1112M,R1112M,FR1,X,0,-999,True,False,False,0.02765,log
R1112M,R1112M,FR1,X,1,-999,True,False,False,0.0311,log
R1112M,R1112M,FR1,X,2,-999,True,False,False,0.02955,log
R1112M,R1112M,FR2,X,0,0,True,False,False,0.0316,log
R1112M,R1112M,catFR1,X,0,-999,True,False,False,0.0278,log
R1113T,R1113T,FR1,X,0,0,True,False,False,0.04415,log
R1113T,R1113T,FR1,X,1,1,True,False,False,0.03265,log
R1113T,R1113T,FR1,X,2,2,True,False,False,0.0232,log
R1114C,R1114C,FR1,X,0,0,True,False,False,0.03805,log
R1114C,R1114C,catFR1,X,0,0,True,False,False,0.029900000000000003,log
R1115T,R1115T,FR1,X,0,1,True,False,False,0.0258,log
R1115T,R1115T,FR2,X,0,0,True,False,False,0.027749999999999997,log
R1118N,R1118N_1,FR1,X,0,0,True,False,False,0.04965,log
R1118N,R1118N_1,FR1,X,1,1,True,False,False,0.024800000000000003,log
R1120E,R1120E,FR1,X,0,0,True,False,False,0.0283,log
R1120E,R1120E,FR1,X,1,1,True,False,False,0.0498,log
R1121M,R1121M,FR1,X,0,-999,True,False,False,0.0249,log
R1121M,R1121M,FR1,X,1,-999,True,False,False,0.0249,log
R1121M,R1121M,FR1,X,2,-999,True,False,False,0.026,log
R1121M,R1121M,FR1,X,3,3,True,False,False,0.026,log
R1121M,R1121M,FR1,X,4,4,True,False,False,0.026,log
R1121M,R1121M,FR1,X,5,5,True,False,False,0.026,log
R1121M,R1121M,FR1,X,6,6,True,False,False,0.026549999999999997,log
R1121M,R1121M,FR1,X,7,7,True,False,False,0.026549999999999997,log
R1122E,R1122E,FR1,X,0,0,True,False,False,0.04695,log
R1122E,R1122E,FR1,X,1,1,True,False,False,0.04425,log
R1122E,R1122E,FR1,X,2,2,True,False,False,0.0317,log
R1123C,R1123C,FR1,X,0,0,True,False,False,0.05835,log
R1123C,R1123C,FR1,X,1,1,True,False,False,0.03455,log
R1123C,R1123C,FR1,X,2,2,True,False,False,0.0251,log
R1124J,R1124J_1,FR1,X,0,0,True,False,False,0.02635,log
R1124J,R1124J_1,FR1,X,1,1,True,False,False,0.0267,log
R1124J,R1124J_1,FR1,X,2,2,True,False,False,0.0448,log
R1125T,R1125T,FR1,X,0,0,True,False,False,0.0315,log
R1125T,R1125T,FR1,X,1,1,True,False,False,0.022350000000000002,log
R1125T,R1125T,FR1,X,2,2,True,False,False,0.025,log
R1127P,R1127P_1,FR1,X,1,0,True,False,False,0.0909,log
R1128E,R1128E,FR1,X,0,-999,True,False,False,0.0545,log
R1129D,R1129D,FR1,X,0,0,True,False,False,0.06595,log
R1129D,R1129D,FR1,X,1,2,True,False,False,0.0506,log
R1130M,R1130M,FR1,X,0,-999,True,False,False,0.0311,log
R1130M,R1130M,FR1,X,1,-999,True,False,False,0.02605,log
R1130M,R1130M,catFR1,X,0,-999,True,False,False,0.0252,log
R1131M,R1131M,FR1,X,0,0,True,False,False,0.03065,log
R1131M,R1131M,catFR1,X,0,0,True,False,False,0.0302,log
R1134T,R1134T,FR1,X,0,0,True,False,False,0.02355,log
R1134T,R1134T,FR1,X,1,1,True,False,False,0.032,log
R1134T,R1134T,FR1,X,2,2,True,False,False,0.02765,log
R1135E,R1135E,FR1,X,0,-999,True,False,False,0.0221,log
R1135E,R1135E,FR1,X,1,-999,True,False,False,0.023,log
R1135E,R1135E,FR1,X,2,-999,True,False,False,0.02425,log
R1135E,R1135E,FR1,X,3,-999,True,False,False,0.07155,log
R1135E,R1135E,catFR1,X,0,-999,True,False,False,0.035949999999999996,log
R1135E,R1135E,catFR1,X,1,-999,True,False,False,0.03105,log
R1136N,R1136N,FR1,X,0,0,True,False,False,0.03135,log
R1136N,R1136N,FR1,X,1,1,True,False,False,0.039150000000000004,log
R1137E,R1137E,FR1,X,0,0,True,False,False,0.0252,log
R1137E,R1137E,FR1,X,1,1,True,False,False,0.01985,log
R1137E,R1137E,FR1,X,2,2,True,False,False,0.0337,log
R1138T,R1138T,FR1,X,0,-999,True,False,False,0.0315,log
R1138T,R1138T_1,catFR1,X,0,0,True,False,False,0.02585,log
R1138T,R1138T_1,catFR1,X,1,1,True,False,False,0.0265,log
R1141T,R1141T,catFR1,X,0,0,True,False,False,0.028650000000000002,log
R1141T,R1141T,catFR1,X,1,1,True,False,False,0.02495,log
R1141T,R1141T,catFR1,X,2,2,True,False,False,0.02545,log
R1142N,R1142N,FR1,X,0,-999,True,False,False,0.03095,log
R1144E,R1144E,catFR1,X,0,0,True,False,False,0.0683,log
R1144E,R1144E,catFR1,X,1,1,True,False,False,0.03635,log
R1144E,R1144E,catFR1,X,2,2,True,False,False,0.049850000000000005,log
R1149N,R1149N,FR1,X,0,0,True,False,False,0.0319,log
R1150J,R1150J,FR2,X,0,0,True,False,False,0.0478,log
R1153T,R1153T,FR1,X,0,2,True,False,False,0.02465,log
R1153T,R1153T,FR1,X,1,3,True,False,False,0.022,log
R1153T,R1153T,FR1,X,2,4,True,False,False,0.026549999999999997,log
R1155D,R1155D,FR1,X,0,-999,True,False,False,0.03175,log
R1157C,R1157C,catFR1,X,0,0,True,False,False,0.03495,log
R1157C,R1157C,catFR1,X,1,1,True,False,False,0.0309,log
R1157C,R1157C,catFR1,X,2,2,True,False,False,0.04025,log
R1157C,R1157C,catFR2,X,0,0,True,False,False,0.02275,log
R1162N,R1162N,FR1,X,0,-999,True,False,False,0.02395,log
R1175N,R1175N,FR1,X,0,-999,True,False,False,0.038849999999999996,log
R1176M,R1176M,FR1,X,0,0,True,False,False,0.02835,log
R1176M,R1176M,FR2,X,0,0,True,False,False,0.02725,log
R1176M,R1176M,FR2,X,1,1,True,False,False,0.024800000000000003,log
R1176M,R1176M,FR2,X,2,2,True,False,False,0.0282,log
R1176M,R1176M,FR2,X,3,3,True,False,False,0.026799999999999997,log
R1176M,R1176M,catFR1,X,0,0,True,False,False,0.0264,log
R1177M,R1177M,FR1,X,0,0,True,False,False,0.0303,log
R1177M,R1177M,FR1,X,1,1,True,False,False,0.027700000000000002,log
R1177M,R1177M,FR2,X,0,0,True,False,False,0.0295,log
R1177M,R1177M,FR2,X,1,1,True,False,False,0.0283,log
R1177M,R1177M,FR2,X,2,2,True,False,False,0.03275,log
R1177M,R1177M,FR2,X,3,3,True,False,False,0.0388,log
R1177M,R1177M,FR2,X,4,4,True,False,False,0.0233,log
R1177M,R1177M,FR2,X,5,5,True,False,False,0.0282,log
R1177M,R1177M,FR2,X,6,6,True,False,False,0.02225,log
R1180C,R1180C,catFR1,X,0,0,True,False,False,0.029,log
R1180C,R1180C,catFR1,X,1,1,True,False,False,0.023600000000000003,log
R1180C,R1180C,catFR1,X,2,2,True,False,False,0.0289,log
R1180C,R1180C,catFR2,X,0,0,True,False,False,0.025099999999999997,log
R1184M,R1184M,FR2,X,0,0,True,False,False,0.028650000000000002,log
R1184M,R1184M,FR2,X,1,1,True,False,False,0.0278,log
R1184M,R1184M,FR2,X,2,2,True,False,False,0.029900000000000003,log
R1184M,R1184M,FR2,X,3,3,True,False,False,0.0278,log
R1185N,R1185N_1,FR1,X,0,0,True,False,False,0.0302,log
R1188C,R1188C,catFR1,X,0,0,True,False,False,0.02525,log
R1192C,R1192C,catFR1,X,0,0,True,False,False,0.033350000000000005,log
R1192C,R1192C,catFR1,X,1,1,True,False,False,0.04955,log
R1192C,R1192C,catFR1,X,2,2,True,False,False,0.026250000000000002,log
R1192C,R1192C,catFR2,X,0,0,True,False,False,0.03395,log
R1192C,R1192C,catFR2,X,1,1,True,False,False,0.025849999999999998,log
R1198M,R1198M,FR1,X,0,-999,True,False,False,0.029249999999999998,log
R1204T,R1204T_1,RepFR1,X,0,-999,False,False,True,0.05955,jsonl
R1204T,R1204T_1,RepFR1,X,1,1,False,False,True,0.0621,jsonl
R1204T,R1204T_1,RepFR1,X,2,-999,False,False,True,0.0628,jsonl
R1212P,R1212P,FR1,X,2,-999,True,False,False,0.027049999999999998,log
R1212P,R1212P,FR1,X,10,-999,True,False,False,0.042300000000000004,log
R1212P,R1212P,catFR1,X,0,-999,True,False,False,0.02845,log
R1221P,R1221P,FR1,X,1,-999,True,False,False,0.03055,log
R1254E,R1254E,catFR1,X,0,-999,True,False,False,0.030449999999999998,log
R1275D,R1275D,FR1,X,0,-999,True,False,False,0.0,log
R1275D,R1275D,FR1,X,1,-999,True,False,False,0.0,log
R1275D,R1275D,FR1,X,2,-999,True,False,False,0.0,log
R1275D,R1275D,FR1,X,3,2,True,False,False,0.0,log
R1275D,R1275D,FR5,X,1,-999,True,False,False,0.0,log
R1275D,R1275D,FR5,X,2,-999,True,False,False,0.0,log
R1275D,R1275D,catFR1,X,0,-999,True,False,False,0.0,log
R1281E,R1281E,FR1,X,1,-999,True,False,False,0.0,log
R1281E,R1281E,FR1,X,2,-999,True,False,False,0.0,log
R1281E,R1281E,FR1,X,3,-999,True,False,False,0.0,log
R1290M,R1290M,FR1,X,0,-999,True,False,False,0.0,log
R1290M,R1290M,FR1,X,1,-999,True,False,False,0.0,log
R1290M,R1290M,catFR1,X,0,-999,True,False,False,0.0,log
R1291M,R1291M,FR1,X,0,-999,True,False,False,0.025849999999999998,log
R1291M,R1291M,catFR1,X,0,-999,True,False,False,0.0238,log
R1291M,R1291M,catFR1,X,1,-999,True,False,False,0.03135,log
R1292E,R1292E,FR1,X,0,-999,True,False,False,0.0,log
R1292E,R1292E,FR1,X,1,-999,True,False,False,0.0,log
R1292E,R1292E,FR1,X,2,-999,True,False,False,0.0,log
R1292E,R1292E,FR1,X,3,-999,True,False,False,0.0,log
R1292E,R1292E,FR5,X,0,-999,True,False,False,0.0,log
R1293P,R1293P,FR1,X,3,-999,True,False,False,0.0,log
R1293P,R1293P,FR1,X,4,-999,True,False,False,0.0,log
R1293P,R1293P,FR3,X,1,-999,True,False,False,0.0,log
R1293P,R1293P,PS4_FR,PS4_FR5,1,1,True,False,False,0.0,log
R1293P,R1293P,catFR1,X,1,-999,True,False,False,0.0,log
R1298E,R1298E,FR1,X,0,-999,True,False,False,0.0,log
R1299T,R1299T,FR1,X,0,-999,True,False,False,0.0,log
R1299T,R1299T,FR1,X,1,-999,True,False,False,0.0,log
R1299T,R1299T,FR1,X,4,-999,True,False,False,0.0,log
R1299T,R1299T,FR1,X,5,-999,True,False,False,0.0,log
R1299T,R1299T,FR1,X,6,-999,True,False,False,0.0,log
R1299T,R1299T,FR1,X,7,-999,True,False,False,0.0,log
R1299T,R1299T,FR1,X,8,-999,True,False,False,0.0,log
R1299T,R1299T,FR1,X,9,-999,True,False,False,0.0,log
R1299T,R1299T,PS4_FR,PS4_FR5,0,0,True,False,False,0.0,log
R1299T,R1299T,PS4_FR,PS4_FR5,3,3,True,False,False,0.0,log
R1302M,R1302M,FR1,X,1,-999,True,False,False,0.0,log
R1302M,R1302M,FR1,X,2,-999,True,False,False,0.0,log
R1302M,R1302M,PS4_FR,PS4_FR5,0,0,True,False,False,0.0,log
R1302M,R1302M,PS4_FR,PS4_FR5,1,1,True,False,False,0.0,log
R1302M,R1302M,PS4_FR,PS4_FR5,2,2,True,False,False,0.0,log
R1302M,R1302M,PS4_FR,PS4_FR5,3,3,True,False,False,0.0,log
R1302M,R1302M,catFR1,X,0,-999,True,False,False,0.0,log
R1302M,R1302M,catFR1,X,1,-999,True,False,False,0.0,log
R1304N,R1304N,FR1,X,0,-999,True,False,False,0.0,log
R1304N,R1304N,FR1,X,2,-999,True,False,False,0.0,log
R1304N,R1304N,FR1,X,3,-999,True,False,False,0.0,log
R1304N,R1304N,FR5,X,0,-999,True,False,False,0.0,log
R1306E,R1306E,FR1,X,1,-999,True,False,False,0.0,log
R1308T,R1308T,FR1,X,0,-999,True,False,False,0.0,log
R1308T,R1308T,FR1,X,1,-999,True,False,False,0.0,log
R1308T,R1308T,FR1,X,2,-999,True,False,False,0.0,log
R1308T,R1308T,FR1,X,3,-999,True,False,False,0.0,log
R1308T,R1308T,FR1,X,4,-999,True,False,False,0.0,log
R1308T,R1308T,FR5,X,0,-999,True,False,False,0.0,log
R1308T,R1308T,FR5,X,1,-999,True,False,False,0.0,log
R1308T,R1308T,FR5,X,2,-999,True,False,False,0.0,log
R1309M,R1309M,FR1,X,0,-999,True,False,False,0.0,log
R1309M,R1309M,FR1,X,1,-999,True,False,False,0.0,log
R1309M,R1309M,FR1,X,2,-999,True,False,False,0.0,log
R1310J,R1310J,FR1,X,0,-999,True,False,False,0.0,log
R1310J,R1310J,FR1,X,1,-999,True,False,False,0.0,log
R1310J,R1310J,catFR1,X,0,-999,True,False,False,0.0,log
R1310J,R1310J,catFR1,X,1,0,True,False,False,0.0,log
R1311T,R1311T,FR1,X,0,-999,True,False,False,0.027200000000000002,log
R1311T,R1311T,FR1,X,1,-999,True,False,False,0.0216,log
R1311T,R1311T,FR1,X,2,-999,True,False,False,0.030350000000000002,log
R1313J,R1313J,FR1,X,0,-999,True,False,False,0.0,log
R1313J,R1313J,FR1,X,1,-999,True,False,False,0.0017000000000000001,log
R1313J,R1313J,catFR1,X,0,-999,True,False,False,0.0,log
R1315T,R1315T,FR1,X,0,-999,True,False,False,0.0,log
R1315T,R1315T,FR1,X,1,-999,True,False,False,0.0,log
R1315T,R1315T,FR1,X,2,-999,True,False,False,0.0,log
R1315T,R1315T,FR1,X,3,-999,True,False,False,0.0,log
R1315T,R1315T,FR5,X,0,-999,True,False,False,0.0,log
R1315T,R1315T,catFR1,X,0,-999,True,False,False,0.0,log
R1316T,R1316T,FR1,X,0,-999,True,False,False,0.0,log
R1316T,R1316T,FR1,X,1,-999,True,False,False,0.0,log
R1316T,R1316T,FR1,X,2,-999,True,False,False,0.0,log
R1317D,R1317D,FR1,X,0,-999,True,False,False,0.0,log
R1317D,R1317D,FR1,X,1,-999,True,False,False,0.0,log
R1317D,R1317D,FR5,X,0,-999,True,False,False,0.0,log
R1317D,R1317D,catFR1,X,0,-999,True,False,False,0.0,log
R1318N,R1318N,FR1,X,0,-999,True,False,False,0.0,log
R1320D,R1320D,FR1,X,0,-999,True,False,False,0.0,log
R1320D,R1320D,FR1,X,1,-999,True,False,False,0.0,log
R1320D,R1320D,FR5,X,0,-999,True,False,False,0.0,log
R1320D,R1320D,catFR1,X,0,-999,True,False,False,0.0,log
R1320D,R1320D,catFR1,X,1,-999,True,False,False,0.0009,log
R1320D,R1320D,catFR1,X,2,-999,True,False,False,0.0,log
R1321M,R1321M,FR1,X,0,-999,True,False,False,0.0,log
R1321M,R1321M,FR5,X,0,-999,True,False,False,0.0,log
R1321M,R1321M,FR5,X,1,-999,True,False,False,0.0,log
R1321M,R1321M,catFR1,X,0,-999,True,False,False,0.0,log
R1321M,R1321M,catFR1,X,1,-999,True,False,False,0.0,log
R1323T,R1323T,FR1,X,0,-999,True,False,False,0.0,log
R1323T,R1323T,FR1,X,2,-999,True,False,False,0.0,log
R1323T,R1323T,FR1,X,3,-999,True,False,False,0.0,log
R1323T,R1323T,FR5,X,0,-999,True,False,False,0.0,log
R1324M,R1324M,FR1,X,0,-999,True,False,False,0.0,log
R1324M,R1324M,FR1,X,1,-999,True,False,False,0.0,log
R1324M,R1324M,catFR1,X,0,-999,True,False,False,0.0,log
R1328E,R1328E,FR1,X,0,-999,True,False,False,0.0,log
R1328E,R1328E,FR1,X,1,-999,True,False,False,0.0,log
R1328E,R1328E,catFR1,X,0,-999,True,False,False,0.0,log
R1328E,R1328E,catFR1,X,2,-999,True,False,False,0.0,log
R1328E,R1328E,catFR1,X,3,-999,True,False,False,0.0,log
R1328E,R1328E,catFR1,X,4,-999,True,False,False,0.0,log
R1329T,R1329T,FR1,X,0,-999,True,False,False,0.0,log
R1329T,R1329T,FR1,X,1,-999,True,False,False,0.0,log
R1330D,R1330D,FR1,X,0,-999,True,False,False,0.0,log
R1330D,R1330D,FR5,X,0,-999,True,False,False,0.0,log
R1330D,R1330D,catFR1,X,0,-999,True,False,False,0.0,log
R1330D,R1330D,catFR1,X,1,-999,True,False,False,0.0,log
R1330D,R1330D,catFR5,X,0,-999,True,False,False,0.0,log
R1330D,R1330D,catFR5,X,1,-999,True,False,False,0.0,log
R1331T,R1331T,FR1,X,0,-999,True,False,False,0.0,log
R1331T,R1331T,FR1,X,1,-999,True,False,False,0.0,log
R1332M,R1332M,FR1,X,0,-999,True,False,False,0.0,log
R1332M,R1332M,FR1,X,1,-999,True,False,False,0.0,log
R1332M,R1332M,PS4_catFR,PS4_catFR5,0,0,True,False,False,0.0,log
R1332M,R1332M,catFR1,X,0,-999,True,False,False,0.0,log
R1332M,R1332M,catFR1,X,1,-999,True,False,False,0.0,log
R1334T,R1334T,FR1,X,0,-999,True,False,False,0.0,log
R1334T,R1334T,FR1,X,1,-999,True,False,False,0.0,log
R1334T,R1334T,FR1,X,2,-999,True,False,False,0.0,log
R1334T,R1334T,catFR1,X,0,-999,True,False,False,0.0,log
R1334T,R1334T,catFR5,X,0,-999,True,False,False,0.0,log
R1336T,R1336T,FR1,X,0,-999,True,False,False,0.0,log
R1336T,R1336T,FR1,X,1,-999,True,False,False,0.0,log
R1337E,R1337E,FR1,X,0,-999,True,False,False,0.0,log
R1337E,R1337E,FR1,X,1,-999,True,False,False,0.0,log
R1337E,R1337E,FR1,X,2,-999,True,False,False,0.0,log
R1337E,R1337E,catFR1,X,0,-999,True,False,False,0.0,log
R1337E,R1337E,catFR1,X,1,-999,True,False,False,0.0,log
R1338T,R1338T,FR1,X,0,-999,True,False,False,0.0,log
R1338T,R1338T,FR1,X,1,-999,True,False,False,0.0,log
R1338T,R1338T,FR1,X,2,-999,True,False,False,0.0,log
R1338T,R1338T,catFR1,X,0,-999,True,False,False,0.0,log
R1339D,R1339D,FR1,X,0,-999,True,False,False,0.0,log
R1339D,R1339D,FR1,X,1,-999,True,False,False,0.0,log
R1339D,R1339D,FR1,X,2,-999,True,False,False,0.0,log
R1339D,R1339D,FR1,X,3,-999,True,False,False,0.0,log
R1339D,R1339D,FR5,X,0,-999,True,False,False,0.0,log
R1339D,R1339D,FR5,X,1,-999,True,False,False,0.0,log
R1341T,R1341T,FR1,X,0,-999,True,False,False,0.0,log
R1341T,R1341T,FR1,X,1,-999,True,False,False,0.0,log
R1341T,R1341T,FR1,X,2,-999,True,False,False,0.0,log
R1341T,R1341T,FR1,X,3,-999,True,False,False,0.0,log
R1341T,R1341T,FR5,X,0,-999,True,False,False,0.0,log
R1342M,R1342M,FR1,X,0,-999,True,False,False,0.0,log
R1342M,R1342M,FR1,X,1,-999,True,False,False,0.0,log
R1342M,R1342M,catFR1,X,0,-999,True,False,False,0.0,log
R1343J,R1343J,catFR1,X,1,-999,True,False,False,0.0,log
R1345D,R1345D,FR1,X,0,-999,True,False,False,0.0,log
R1345D,R1345D,FR1,X,1,-999,True,False,False,0.0,log
R1345D,R1345D,FR1,X,2,-999,True,False,False,0.0,log
R1345D,R1345D,FR1,X,3,-999,True,False,False,0.0,log
R1345D,R1345D,FR1,X,4,-999,True,False,False,0.0,log
R1345D,R1345D,FR5,X,0,-999,True,False,False,0.0,log
R1345D,R1345D,FR5,X,2,-999,True,False,False,0.0,log
R1345D,R1345D,catFR5,X,0,-999,True,False,False,0.0,log
R1345D,R1345D,catFR5,X,1,-999,True,False,False,0.0,log
R1346T,R1346T,FR1,X,0,-999,True,False,False,0.0,log
R1346T,R1346T,FR1,X,1,-999,True,False,False,0.0,log
R1346T,R1346T,FR1,X,100,-999,True,False,False,0.0,log
R1347D,R1347D,FR1,X,2,-999,False,True,False,0.6494,json
R1347D,R1347D,FR1,X,3,-999,False,True,False,0.6407,json
R1347D,R1347D,FR1,X,4,-999,False,True,False,0.641,json
R1347D,R1347D,PS4_catFR,PS4_catFR5,4,4,True,False,False,0.0,log
R1347D,R1347D,PS4_catFR,PS4_catFR5,8,8,True,False,False,0.0,log
R1347D,R1347D,catFR1,X,0,-999,False,True,False,0.6358999999999999,json
R1347D,R1347D,catFR1,X,1,-999,False,True,False,0.6282,json
R1347D,R1347D,catFR1,X,2,-999,False,True,False,0.64225,json
R1348J,R1348J,catFR1,X,1,-999,True,False,False,0.0,log
R1349T,R1349T,FR1,X,0,-999,True,False,False,0.0,log
R1350D,R1350D,FR1,X,0,-999,True,False,False,0.0,log
R1350D,R1350D,FR1,X,1,-999,True,False,False,0.0,log
R1350D,R1350D,FR1,X,2,-999,True,False,False,0.0,log
R1350D,R1350D,FR1,X,3,-999,True,False,False,0.0,log
R1351M,R1351M,FR1,X,0,-999,True,False,False,0.0,log
R1351M,R1351M,FR5,X,1,-999,True,False,False,0.0,log
R1351M,R1351M,catFR1,X,0,-999,True,False,False,0.0,log
R1351M,R1351M,catFR1,X,1,-999,True,False,False,0.0,log
R1354E,R1354E,FR1,X,0,-999,True,False,False,0.0,log
R1354E,R1354E,FR1,X,1,-999,True,False,False,0.0,log
R1354E,R1354E,PS4_FR,PS4_FR5,1,1,True,False,False,0.0,log
R1354E,R1354E,PS4_catFR,PS4_catFR5,1,1,True,False,False,0.0,log
R1354E,R1354E,catFR1,X,0,-999,True,False,False,0.0,log
R1354E,R1354E,catFR1,X,1,-999,True,False,False,0.0,log
R1354E,R1354E,catFR1,X,2,-999,True,False,False,0.0,log
R1354E,R1354E,catFR1,X,3,-999,True,False,False,0.0,log
R1355T,R1355T,FR1,X,0,-999,True,False,False,0.0,log
R1355T,R1355T,FR1,X,1,-999,True,False,False,0.0,log
R1355T,R1355T,FR1,X,2,-999,True,False,False,0.0,log
R1357M,R1357M,FR1,X,0,-999,True,False,False,0.0,log
R1358T,R1358T,FR1,X,0,-999,True,False,False,0.0,log
R1361C,R1361C,FR1,X,0,-999,True,False,False,0.0,log
R1361C,R1361C,FR1,X,1,-999,True,False,False,0.0,log
R1361C,R1361C,PS4_catFR5,X,0,0,True,False,False,0.0,log
R1361C,R1361C,catFR1,X,0,-999,True,False,False,0.0,log
R1361C,R1361C,catFR1,X,1,-999,True,False,False,0.0,log
R1361C,R1361C,catFR1,X,2,-999,True,False,False,0.0,log
R1363T,R1363T,FR1,X,0,-999,True,False,False,0.0,log
R1363T,R1363T,FR1,X,1,-999,True,False,False,0.0,log
R1364C,R1364C,FR1,X,0,-999,True,False,False,0.0,log
R1364C,R1364C,PS4_FR,PS4_FR5,1,1,True,False,False,0.0,log
R1364C,R1364C,catFR1,X,0,-999,True,False,False,0.0,log
R1364C,R1364C,catFR1,X,1,-999,True,False,False,0.0,log
R1366J,R1366J,catFR1,X,0,-999,False,True,False,0.6376999999999999,json
R1367D,R1367D,FR1,X,0,-999,True,False,False,0.0,log
R1367D,R1367D,FR1,X,1,-999,True,False,False,0.0,log
R1367D,R1367D,catFR1,X,0,-999,True,False,False,0.0,log
R1368T,R1368T,FR1,X,0,-999,True,False,False,0.0,log
R1368T,R1368T,catFR1,X,0,-999,True,False,False,0.0,log
R1370E,R1370E,catFR1,X,0,-999,True,False,False,0.0,log
R1372C,R1372C,catFR1,X,0,-999,True,False,False,0.0,log
R1372C,R1372C,catFR1,X,1,-999,True,False,False,0.0,log
R1372C,R1372C,catFR1,X,2,-999,True,False,False,0.0,log
R1373T,R1373T,FR1,X,0,-999,True,False,False,0.0,log
R1374T,R1374T,FR1,X,0,-999,False,True,False,0.6381,json
R1374T,R1374T,FR1,X,1,-999,False,True,False,0.6194,json
R1374T,R1374T,FR1,X,2,-999,True,False,False,0.0,log
R1374T,R1374T,catFR1,X,0,-999,False,True,False,0.6319,json
R1374T,R1374T,catFR1,X,1,-999,False,True,False,0.6355,json
R1374T,R1374T,catFR5,X,0,-999,True,False,False,0.0,log
R1374T,R1374T,catFR5,X,2,-999,True,False,False,0.0,log
R1375C,R1375C,FR1,X,0,-999,False,True,False,0.6366,json
R1375C,R1375C,catFR1,X,1,-999,False,True,False,0.62975,json
R1375C,R1375C,catFR1,X,2,-999,False,True,False,0.6454500000000001,json
R1375C,R1375C,catFR1,X,3,-999,False,True,False,0.6357999999999999,json
R1375C,R1375C,catFR1,X,4,-999,False,True,False,0.6148,json
R1375C,R1375C,catFR5,X,5,-999,True,False,False,0.0,log
R1376D,R1376D,FR1,X,0,-999,False,True,False,0.6463,json
R1376D,R1376D,catFR1,X,0,-999,False,True,False,0.6248,json
R1377M,R1377M,FR1,X,0,-999,False,True,False,0.6274500000000001,json
R1377M,R1377M,FR1,X,1,-999,False,True,False,0.6412,json
R1377M,R1377M,FR1,X,3,-999,False,True,False,0.63445,json
R1377M,R1377M,FR1,X,4,-999,False,True,False,0.6333,json
R1377M,R1377M,catFR1,X,0,-999,False,True,False,0.63005,json
R1377M,R1377M,catFR1,X,6,-999,False,True,False,0.0009,json
R1378T,R1378T,FR1,X,0,-999,False,True,False,0.6368499999999999,json
R1378T,R1378T,FR1,X,1,-999,False,True,False,0.64225,json
R1378T,R1378T,FR1,X,2,-999,False,True,False,0.63095,json
R1378T,R1378T,FR1,X,3,-999,False,True,False,0.63805,json
R1378T,R1378T,catFR1,X,0,-999,False,True,False,0.6286,json
R1378T,R1378T,catFR1,X,1,-999,False,True,False,0.6288,json
R1378T,R1378T,catFR5,X,0,-999,True,False,False,0.0,log
R1379E,R1379E,FR1,X,0,-999,False,True,False,0.25229999999999997,json
R1379E,R1379E,FR1,X,1,-999,False,True,False,0.244,json
R1379E,R1379E,catFR1,X,0,-999,False,True,False,0.24559999999999998,json
R1379E,R1379E,catFR1,X,1,-999,False,True,False,0.23575,json
R1379E,R1379E,catFR5,X,0,-999,True,False,False,0.0,log
R1380D,R1380D,FR1,X,1,-999,False,True,False,0.6455500000000001,json
R1380D,R1380D,FR5,X,2,-999,True,False,False,0.0,log
R1380D,R1380D,catFR1,X,1,-999,False,True,False,0.60945,json
R1380D,R1380D,catFR1,X,2,-999,False,True,False,0.6331,json
R1380D,R1380D,catFR1,X,3,-999,False,True,False,0.62775,json
R1380D,R1380D,catFR1,X,4,-999,False,True,False,0.6303000000000001,json
R1380D,R1380D,catFR5,X,0,-999,True,False,False,0.0,log
R1381T,R1381T,FR1,X,0,-999,False,True,False,0.6193500000000001,json
R1381T,R1381T,catFR1,X,0,-999,False,True,False,0.63775,json
R1382T,R1382T,FR1,X,0,-999,False,True,False,0.64685,json
R1382T,R1382T,catFR1,X,0,-999,False,True,False,0.6428499999999999,json
R1383J,R1383J,FR1,X,0,-999,False,True,False,0.6532,json
R1383J,R1383J,catFR1,X,1,-999,False,True,False,0.6513,json
R1383J,R1383J,catFR1,X,2,-999,False,True,False,0.6400999999999999,json
R1383J,R1383J,catFR1,X,3,-999,False,True,False,0.64085,json
R1383J,R1383J,catFR1,X,4,-999,False,True,False,0.58115,json
R1383J,R1383J,catFR5,X,1,-999,True,False,False,0.0,log
R1383J,R1383J,catFR5,X,2,-999,True,False,False,0.0,log
R1383J,R1383J,catFR5,X,3,-999,True,False,False,0.0,log
R1383J,R1383J,catFR5,X,4,-999,True,False,False,0.0,log
R1384J,R1384J,FR1,X,0,-999,False,True,False,0.6492,json
R1384J,R1384J,FR1,X,1,-999,False,True,False,0.6138,json
R1384J,R1384J,FR1,X,2,-999,False,True,False,0.6352,json
R1384J,R1384J,FR5,X,0,-999,True,False,False,0.0,log
R1384J,R1384J,FR5,X,1,-999,True,False,False,0.0,log
R1384J,R1384J,FR5,X,2,-999,True,False,False,0.0,log
R1384J,R1384J,FR6,X,1,-999,False,True,False,0.0,json
R1384J,R1384J,PS5_catFR,PS5_CatFR,0,0,False,True,False,0.0,json
R1384J,R1384J,catFR1,X,0,-999,False,True,False,0.63,json
R1384J,R1384J,catFR1,X,1,-999,False,True,False,0.6306499999999999,json
R1384J,R1384J,catFR5,X,1,-999,True,False,False,0.0,log
R1384J,R1384J,catFR5,X,2,-999,True,False,False,0.0,log
R1384J,R1384J,catFR6,X,0,-999,False,True,False,0.0,json
R1384J,R1384J,catFR6,X,1,-999,False,True,False,0.0,json
R1385E,R1385E,FR1,X,1,-999,False,True,False,0.2336,json
R1385E,R1385E,FR1,X,2,-999,False,True,False,0.23495,json
R1385E,R1385E,FR1,X,3,-999,False,True,False,0.23620000000000002,json
R1385E,R1385E,catFR1,X,0,-999,False,True,False,0.23515,json
R1385E,R1385E,catFR1,X,1,-999,False,True,False,0.2294,json
R1385E,R1385E,catFR5,X,0,-999,True,False,False,0.0,log
R1386T,R1386T,FR1,X,0,-999,False,True,False,0.6311,json
R1386T,R1386T,FR1,X,1,-999,False,True,False,0.6446000000000001,json
R1386T,R1386T,catFR1,X,1,-999,False,True,False,0.6351,json
R1387E,R1387E,FR1,X,0,-999,False,True,False,0.2247,json
R1387E,R1387E,FR1,X,1,-999,False,True,False,0.23545,json
R1387E,R1387E,FR1,X,2,-999,False,True,False,0.2395,json
R1387E,R1387E,catFR1,X,0,-999,False,True,False,0.23245,json
R1387E,R1387E,catFR1,X,1,-999,False,True,False,0.2472,json
R1387E,R1387E,catFR5,X,0,-999,True,False,False,0.0,log
R1387E,R1387E,catFR5,X,1,-999,True,False,False,0.0,log
R1387E,R1387E,catFR5,X,2,-999,True,False,False,0.0,log
R1387E,R1387E,catFR5,X,3,-999,True,False,False,0.0,log
R1387E,R1387E,catFR5,X,4,-999,True,False,False,0.0,log
R1388T,R1388T,catFR1,X,0,-999,False,True,False,0.64,json
R1388T,R1388T,catFR1,X,1,-999,False,True,False,0.6568,json
R1389J,R1389J,catFR1,X,0,-999,False,True,False,0.0,json
R1389J,R1389J,catFR1,X,1,-999,False,True,False,0.0,json
R1389J,R1389J,catFR1,X,2,-999,False,True,False,0.0,json
R1389J,R1389J,catFR1,X,3,-999,False,True,False,0.0,json
R1389J,R1389J,catFR5,X,1,-999,True,False,False,0.0,log
R1390M,R1390M,FR1,X,1,-999,False,True,False,0.6224000000000001,json
R1390M,R1390M,catFR1,X,0,-999,False,True,False,0.5754,json
R1390M,R1390M,catFR1,X,1,-999,False,True,False,0.6394,json
R1390M,R1390M,catFR1,X,2,-999,False,True,False,0.6363000000000001,json
R1390M,R1390M,catFR1,X,3,-999,False,True,False,0.64325,json
R1390M,R1390M,catFR5,X,1,-999,True,False,False,0.0,log
R1391T,R1391T,FR1,X,0,-999,False,True,False,0.59065,json
R1391T,R1391T,FR1,X,1,-999,False,True,False,0.6265499999999999,json
R1391T,R1391T,FR1,X,2,-999,False,True,False,0.63825,json
R1391T,R1391T,catFR1,X,0,-999,False,True,False,0.63735,json
R1391T,R1391T,catFR1,X,1,-999,False,True,False,0.6353,json
R1391T,R1391T,catFR5,X,0,-999,True,False,False,0.0,log
R1393T,R1393T,FR1,X,0,-999,False,True,False,0.61915,json
R1393T,R1393T,catFR1,X,0,-999,False,True,False,0.61595,json
R1393T,R1393T,catFR1,X,1,-999,False,True,False,0.6436999999999999,json
R1393T,R1393T,catFR1,X,2,-999,False,True,False,0.6307,json
R1394E,R1394E,FR1,X,0,-999,False,True,False,0.24145,json
R1394E,R1394E_1,FR1,X,1,1,False,True,False,0.24365,json
R1394E,R1394E_1,catFR1,X,1,1,False,True,False,0.23970000000000002,json
R1394E,R1394E_1,catFR1,X,2,2,False,True,False,0.24705,json
R1395M,R1395M,FR1,X,0,-999,False,True,False,0.63165,json
R1395M,R1395M,FR1,X,1,-999,False,True,False,0.0,json
R1395M,R1395M,FR1,X,2,-999,False,True,False,0.0,json
R1395M,R1395M,FR1,X,3,-999,False,True,False,0.0,json
R1395M,R1395M,FR1,X,4,-999,False,True,False,0.0,json
R1395M,R1395M,FR1,X,5,-999,False,True,False,0.0,json
R1395M,R1395M,catFR1,X,0,-999,False,True,False,0.0,json
R1395M,R1395M,catFR1,X,1,-999,False,True,False,0.0,json
R1395M,R1395M,catFR1,X,2,-999,False,True,False,0.0,json
R1395M,R1395M,catFR1,X,3,-999,False,True,False,0.0,json
R1395M,R1395M,catFR1,X,4,-999,False,True,False,0.0,json
R1395M,R1395M,catFR1,X,5,-999,False,True,False,0.0,json
R1395M,R1395M,catFR1,X,6,-999,False,True,False,0.0,json
R1395M,R1395M,catFR5,X,1,-999,True,False,False,0.0,log
R1395M,R1395M,catFR5,X,2,-999,True,False,False,0.0,log
R1395M,R1395M,catFR5,X,3,-999,True,False,False,0.0,log
R1395M,R1395M,catFR5,X,4,-999,True,False,False,0.0,log
R1396T,R1396T,FR1,X,0,-999,False,True,False,0.6289,json
R1396T,R1396T,FR1,X,1,-999,False,True,False,0.0,json
R1396T,R1396T,catFR1,X,0,-999,False,True,False,0.0,json
R1397D,R1397D,FR1,X,0,-999,False,True,False,0.0,json
R1397D,R1397D,FR1,X,1,-999,False,True,False,0.0001,json
R1397D,R1397D,FR6,X,0,-999,False,True,False,0.0,json
R1397D,R1397D,catFR1,X,1,-999,False,True,False,0.0,json
R1397D,R1397D,catFR1,X,3,-999,False,True,False,0.0,json
R1398J,R1398J,FR1,X,1,-999,False,True,False,0.0,json
R1398J,R1398J,FR1,X,3,-999,False,True,False,0.0,json
R1398J,R1398J,catFR1,X,0,-999,False,True,False,0.0,json
R1398J,R1398J,catFR1,X,1,-999,False,True,False,0.0,json
R1398J,R1398J,catFR5,X,0,-999,True,False,False,0.0,log
R1400N,R1400N,catFR1,CatFR1,0,-999,False,True,False,0.0,json
R1400N,R1400N,catFR1,CatFR1,1,-999,False,True,False,0.0,json
R1400N,R1400N,catFR1,CatFR1,2,-999,False,True,False,0.0,json
R1400N,R1400N,catFR1,CatFR1,3,-999,False,True,False,0.0,json
R1400N,R1400N,catFR6,CatFR6,2,-999,False,True,False,0.0,json
R1400N,R1400N,catFR6,CatFR6,3,-999,False,True,False,0.0,json
R1400N,R1400N,catFR6,CatFR6,7,-999,False,True,False,0.0061,json
R1400N,R1400N,catFR6,CatFR6,8,-999,False,True,False,0.0,json
R1401J,R1401J,FR1,X,0,-999,False,True,False,0.0,json
R1401J,R1401J,catFR1,X,0,-999,False,True,False,0.0,json
R1401J,R1401J,catFR1,X,1,-999,False,True,False,0.0,json
R1401J,R1401J,catFR1,X,2,-999,False,True,False,0.0,json
R1401J,R1401J,catFR5,X,0,-999,True,False,False,0.0,log
R1401J,R1401J,catFR5,X,1,-999,True,False,False,0.0,log
R1402E,R1402E,FR1,X,0,-999,False,True,False,0.2405,json
R1403N,R1403N,catFR1,CatFR1,0,-999,False,True,False,0.0,json
R1403N,R1403N,catFR1,CatFR1,1,-999,False,True,False,0.0,json
R1403N,R1403N,catFR1,CatFR1,2,-999,False,True,False,0.0,json
R1403N,R1403N,catFR1,CatFR1,4,-999,False,True,False,0.0,json
R1403N,R1403N,catFR6,CatFR6,0,-999,False,True,False,0.0,json
R1404E,R1404E,FR1,X,0,-999,False,True,False,0.0,json
R1404E,R1404E,FR1,X,1,-999,False,True,False,0.0,json
R1404E,R1404E,catFR1,X,0,-999,False,True,False,0.2476,json
R1404E,R1404E,catFR1,X,1,-999,False,True,False,0.0,json
R1404E,R1404E,catFR6,CatFR6,0,-999,False,True,False,0.0,json
R1405E,R1405E,FR1,X,0,-999,False,True,False,0.0,json
R1405E,R1405E,catFR1,X,0,-999,False,True,False,0.0,json
R1405E,R1405E,catFR1,X,1,-999,False,True,False,0.0,json
R1405E,R1405E_1,FR1,X,1,-999,False,True,False,0.0,json
R1405E,R1405E_1,catFR1,X,2,-999,False,True,False,0.0,json
R1406M,R1406M,FR1,X,3,-999,False,True,False,0.0,json
R1406M,R1406M,FR1,X,4,-999,False,True,False,0.0,json
R1406M,R1406M,catFR1,X,0,-999,True,False,False,0.0,log
R1406M,R1406M,catFR1,X,1,-999,False,True,False,0.0,json
R1406M,R1406M,catFR1,X,2,-999,False,True,False,0.0,json
R1406M,R1406M,catFR1,X,3,-999,False,True,False,0.0,json
R1406M,R1406M,catFR5,X,0,-999,True,False,False,0.0,log
R1408N,R1408N,catFR1,CatFR1,0,-999,False,True,False,0.0,json
R1408N,R1408N,catFR1,CatFR1,1,-999,False,True,False,0.0,json
R1409D,R1409D,FR1,X,1,-999,False,True,False,0.0,json
R1409D,R1409D,FR1,X,2,-999,False,True,False,0.0,json
R1409D,R1409D,FR6,X,0,-999,False,True,False,0.0,json
R1409D,R1409D,FR6,X,2,-999,False,True,False,0.0,json
R1409D,R1409D,FR6,X,3,-999,False,True,False,0.0,json
R1409D,R1409D,FR6,X,9,-999,False,True,False,0.0,json
R1409D,R1409D,catFR1,X,1,-999,False,True,False,0.0,json
R1409D,R1409D,catFR1,X,2,-999,False,True,False,0.0,json
R1409D,R1409D,catFR1,X,3,-999,False,True,False,0.0,json
R1409D,R1409D,catFR6,X,0,-999,False,True,False,0.0,json
R1412M,R1412M,FR1,X,1,-999,False,True,False,0.0,json
R1412M,R1412M,catFR1,X,0,-999,False,True,False,0.0,json
R1412M,R1412M,catFR1,X,1,-999,False,True,False,0.0,json
R1412M,R1412M,catFR1,X,2,-999,False,True,False,0.0,json
R1413D,R1413D,FR1,X,0,-999,True,False,False,0.0,log
R1413D,R1413D,catFR1,X,0,-999,True,False,False,0.0,log
R1414E,R1414E,FR1,X,0,-999,False,True,False,0.0,json
R1414E,R1414E,catFR1,X,0,-999,False,True,False,0.0,json
R1415T,R1415T,FR1,X,0,-999,True,False,False,0.0,log
R1415T,R1415T,FR1,X,1,-999,False,True,False,0.0,json
R1415T,R1415T,catFR1,X,0,-999,False,True,False,0.0,json
R1416T,R1416T,FR1,X,0,-999,False,True,False,0.0,json
R1416T,R1416T,FR1,X,1,-999,False,True,False,0.0,json
R1420T,R1420T,FR1,X,0,-999,False,True,False,0.0,json
R1420T,R1420T,FR1,X,1,-999,False,True,False,0.0,json
R1420T,R1420T,catFR1,X,0,-999,False,True,False,0.0,json
R1421M,R1421M,FR1,X,0,-999,False,True,False,0.0,json
R1421M,R1421M,catFR1,X,0,-999,False,True,False,0.0,json
R1421M,R1421M,catFR1,X,1,-999,False,True,False,0.0,json
R1422T,R1422T,FR1,X,0,-999,True,False,False,0.03075,log
R1422T,R1422T,FR1,X,1,-999,True,False,False,0.0341,log
R1422T,R1422T,catFR1,X,0,-999,False,True,False,0.0,json
R1423E,R1423E,FR1,X,0,-999,False,True,False,0.0,json
R1423E,R1423E,catFR1,X,0,-999,False,True,False,0.0,json
R1425D,R1425D,FR1,X,0,-999,True,False,False,0.0,log
R1425D,R1425D,FR1,X,1,-999,True,False,False,0.0,log
R1425D,R1425D,FR1,X,2,-999,True,False,False,0.0,log
R1425D,R1425D,TICL_FR,X,0,-999,False,True,False,0.0,json
R1425D,R1425D,TICL_FR,X,3,-999,False,True,False,0.0,json
R1425D,R1425D,TICL_FR,X,7,-999,False,True,False,0.0,json
R1426N,R1426N,catFR1,X,0,-999,False,True,False,0.0,json
R1426N,R1426N,catFR1,X,1,-999,False,True,False,0.0,json
R1427T,R1427T,FR1,X,0,-999,False,True,False,0.0,json
R1427T,R1427T,FR1,X,1,-999,False,True,False,0.0,json
R1427T,R1427T,FR1,X,2,-999,False,True,False,0.0,json
R1427T,R1427T,TICL_FR,X,0,-999,False,True,False,0.0,json
R1427T,R1427T,catFR1,X,0,-999,False,True,False,0.0,json
R1428T,R1428T,FR1,X,0,-999,False,True,False,0.0,json
R1431J,R1431J,FR1,X,0,-999,False,True,False,0.0,json
R1433E,R1433E,FR1,X,0,-999,False,True,False,0.0,json
R1433E,R1433E,catFR1,X,0,-999,False,True,False,0.0,json
R1436J,R1436J,FR1,X,1,-999,False,True,False,0.0,json
R1436J,R1436J,catFR1,X,6,-999,False,True,False,0.0,json
R1438M,R1438M,FR1,X,1,-999,False,True,False,0.0,json
R1441T,R1441T,FR1,X,0,-999,False,True,False,0.0,json
R1441T,R1441T,FR1,X,1,-999,False,True,False,0.0,json
R1441T,R1441T,FR1,X,2,-999,False,True,False,0.0,json
R1441T,R1441T,catFR1,X,0,-999,False,True,False,0.0,json
R1441T,R1441T,catFR1,X,1,-999,False,True,False,0.0,json
R1441T,R1441T,catFR5,X,0,-999,True,False,False,0.0,log
R1443D,R1443D,FR1,X,4,-999,False,True,False,0.0,json
R1443D,R1443D,FR1,X,5,-999,False,True,False,0.0,json
R1443D,R1443D,catFR1,X,2,-999,False,True,False,0.0,json
R1444D,R1444D,TICL_catFR,TICL_CatFR,1,-999,False,True,False,0.0,json
R1444D,R1444D,TICL_catFR,TICL_CatFR,2,-999,False,True,False,0.0,json
R1444D,R1444D,TICL_catFR,TICL_CatFR,3,-999,False,True,False,0.0,json
R1444D,R1444D,catFR1,X,1,-999,False,True,False,0.0,json
R1444D,R1444D,catFR1,X,2,-999,False,True,False,0.0,json
R1444D,R1444D,catFR1,X,3,-999,False,True,False,0.0,json
R1445E,R1445E,catFR1,X,0,-999,False,True,False,0.0,json
R1446T,R1446T,FR1,X,0,-999,False,True,False,0.0,json
R1447M,R1447M,FR1,X,1,-999,False,True,False,0.0,json
R1447M,R1447M,catFR1,X,0,-999,False,True,False,0.0,json
R1448T,R1448T,FR1,X,0,-999,False,True,False,0.0,json
R1448T,R1448T,catFR1,X,0,-999,False,True,False,0.0,json
R1449T,R1449T,FR1,X,0,-999,False,True,False,0.0,json
R1449T,R1449T,FR1,X,1,-999,False,True,False,0.0,json
R1449T,R1449T,catFR1,X,0,-999,False,True,False,0.0,json
R1449T,R1449T,catFR1,X,1,-999,False,True,False,0.0,json
R1450D,R1450D,TICL_catFR,TICL_CatFR,1,-999,False,True,False,0.0,json
R1450D,R1450D,catFR1,X,1,-999,False,True,False,0.0,json
R1450D,R1450D,catFR1,X,3,-999,False,True,False,0.0,json
R1450D,R1450D,catFR1,X,4,-999,False,True,False,0.0,json
R1454M,R1454M,FR1,X,0,-999,False,True,False,0.0,json
R1454M,R1454M,catFR1,X,0,-999,False,True,False,0.0,json
R1456D,R1456D,catFR1,X,0,-999,False,True,False,0.0,json
R1456D,R1456D,catFR1,X,1,-999,False,True,False,0.0,json
R1456D,R1456D,catFR1,X,2,-999,False,True,False,0.0,json
R1456D,R1456D,catFR1,X,3,-999,False,True,False,0.0,json
R1456D,R1456D,catFR6,CatFR6,0,-999,False,True,False,0.0,json
R1457T,R1457T,FR1,X,0,-999,False,True,False,0.0,json
R1457T,R1457T,FR1,X,1,-999,False,True,False,0.0,json
R1457T,R1457T,catFR1,X,0,-999,False,True,False,0.0,json
R1459M,R1459M,FR1,X,0,-999,False,True,False,0.0,json
R1459M,R1459M,FR1,X,6,-999,False,True,False,0.0,json
R1459M,R1459M,catFR1,X,1,-999,False,True,False,0.0,json
R1460M,R1460M,FR1,X,0,-999,False,True,False,0.0,json
R1461T,R1461T,FR1,X,0,-999,False,True,False,0.0,json
R1461T,R1461T,catFR1,X,0,-999,False,True,False,0.0,json
R1461T,R1461T,catFR1,X,1,-999,False,True,False,0.0,json
R1461T,R1461T,catFR6,X,1,-999,False,True,False,0.0,json
R1461T,R1461T,catFR6,X,2,-999,False,True,False,0.0,json
R1461T,R1461T,catFR6,X,3,-999,False,True,False,0.0,json
R1462M,R1462M,FR1,X,0,-999,False,True,False,0.0,json
R1462M,R1462M,catFR1,X,0,-999,False,True,False,0.0,json
R1463E,R1463E,FR6,X,0,-999,False,True,False,0.0,json
R1463E,R1463E_1,FR1,X,0,0,False,True,False,0.0,json
R1463E,R1463E_1,FR1,X,1,1,False,True,False,0.0,json
R1463E,R1463E_1,FR6,X,1,1,False,True,False,0.0,json
R1463E,R1463E_1,catFR1,X,0,0,False,True,False,0.0,json
R1463E,R1463E_1,catFR1,X,1,1,False,True,False,0.0,json
R1463E,R1463E_1,catFR6,X,1,1,False,True,False,0.0,json
R1465D,R1465D,TICL_catFR,TICL_CatFR,1,-999,False,True,False,0.0,json
R1465D,R1465D,catFR1,X,0,-999,False,True,False,0.0,json
R1465D,R1465D,catFR1,X,1,-999,False,True,False,0.0,json
R1465D,R1465D,catFR1,X,2,-999,False,True,False,0.0,json
R1465D,R1465D,catFR1,X,3,-999,False,True,False,0.0,json
R1465D,R1465D,catFR5,X,0,-999,True,False,False,0.0,log
R1466J,R1466J,FR1,X,0,-999,False,True,False,0.0,json
R1466J,R1466J,FR6,X,1,-999,False,True,False,0.0021,json
R1466J,R1466J,catFR1,X,0,-999,False,True,False,0.0016,json
R1467M,R1467M,FR1,X,0,-999,False,True,False,0.0,json
R1467M,R1467M,catFR1,X,0,-999,False,True,False,0.0,json
R1468J,R1468J,catFR1,X,1,-999,False,True,False,0.0,json
R1468J,R1468J,catFR1,X,2,-999,False,True,False,0.0,json
R1468J,R1468J,catFR1,X,3,-999,False,True,False,0.0,json
R1468J,R1468J,catFR1,X,5,-999,False,True,False,0.0,json
R1468J,R1468J_1,catFR1,X,6,6,False,True,False,0.0,json
R1468J,R1468J_1,catFR1,X,7,7,False,True,False,0.0,json
R1468J,R1468J_1,catFR1,X,8,8,False,True,False,0.0,json
R1469D,R1469D,catFR1,X,1,-999,False,True,False,0.0,json
R1469D,R1469D,catFR1,X,3,-999,False,True,False,0.0,json
R1469D,R1469D,catFR1,X,4,-999,False,True,False,0.0,json
R1472T,R1472T,catFR1,X,0,-999,False,True,False,0.0,json
R1472T,R1472T,catFR1,X,1,-999,False,True,False,0.0,json
R1473J,R1473J,catFR1,X,0,-999,False,True,False,0.0,json
R1473J,R1473J,catFR1,X,2,-999,False,True,False,0.0,json
R1474T,R1474T,catFR1,X,0,-999,False,True,False,0.0,json
R1474T,R1474T,catFR1,X,1,-999,False,True,False,0.0,json
R1474T,R1474T,catFR1,X,2,-999,False,True,False,0.0,json
R1474T,R1474T,catFR6,CatFR6,0,-999,False,True,False,0.0,json
R1475J,R1475J,PS4_catFR5,PS4_CatFR5,1,1,False,True,False,0.0,json
R1475J,R1475J,catFR1,X,0,-999,False,True,False,0.0,json
R1475J,R1475J,catFR1,X,1,-999,False,True,False,0.0,json
R1475J,R1475J,catFR1,X,2,-999,False,True,False,0.0,json
R1476J,R1476J,PS4_catFR5,PS4_CatFR5,1,1,False,True,False,0.0,json
R1476J,R1476J,PS4_catFR5,PS4_CatFR5,2,2,False,True,False,0.0,json
R1476J,R1476J,PS4_catFR5,PS4_CatFR5,4,4,False,True,False,0.0,json
R1476J,R1476J,catFR1,X,0,-999,False,True,False,0.0,json
R1476J,R1476J,catFR1,X,1,-999,False,True,False,0.0,json
R1476J,R1476J,catFR1,X,2,-999,False,True,False,0.0,json
R1476J,R1476J,catFR1,X,3,-999,False,True,False,0.0,json
R1476J,R1476J,catFR1,X,4,-999,False,True,False,0.0,json
R1477J,R1477J,catFR1,X,0,-999,False,True,False,0.0,json
R1477J,R1477J,catFR1,X,1,-999,False,True,False,0.0,json
R1477J,R1477J,catFR1,X,2,-999,False,True,False,0.0,json
R1477J,R1477J,catFR1,X,3,-999,False,True,False,0.0,json
R1477J,R1477J,catFR1,X,4,-999,False,True,False,0.0,json
R1477J,R1477J,catFR1,X,5,-999,False,True,False,0.0,json
R1477J,R1477J,catFR5,X,0,-999,True,False,False,0.0,log
R1478T,R1478T,catFR1,X,0,-999,False,True,False,0.0,json
R1478T,R1478T,catFR1,X,1,-999,False,True,False,0.0,json
R1482J,R1482J,catFR1,X,0,-999,False,True,False,0.0,json
R1482J,R1482J,catFR1,X,1,-999,False,True,False,0.0,json
R1482J,R1482J,catFR1,X,2,-999,False,True,False,0.0,json
R1484T,R1484T,catFR1,X,0,-999,False,True,False,0.0,json
R1484T,R1484T,catFR1,X,1,-999,False,True,False,0.0,json
R1485J,R1485J,catFR1,X,0,-999,False,True,False,0.0,json
R1485J,R1485J,catFR1,X,1,-999,False,True,False,0.0,json
R1485J,R1485J,catFR1,X,2,-999,False,True,False,0.0,json
R1485J,R1485J,catFR1,X,3,-999,False,True,False,0.0,json
R1486J,R1486J,catFR1,X,0,-999,False,True,False,0.0,json
R1486J,R1486J,catFR1,X,1,-999,False,True,False,0.0,json
R1486J,R1486J,catFR1,X,2,-999,False,True,False,0.0,json
R1486J,R1486J,catFR1,X,3,-999,False,True,False,0.0,json
R1486J,R1486J_1,catFR1,X,4,0,False,True,False,0.0,json
R1486J,R1486J_1,catFR1,X,5,1,False,True,False,0.0,json
R1486J,R1486J_1,catFR1,X,6,2,False,True,False,0.0,json
R1486J,R1486J_1,catFR1,X,7,3,False,True,False,0.0,json
R1487T,R1487T,catFR1,X,0,-999,False,True,False,0.0,json
R1487T,R1487T,catFR1,X,1,-999,False,True,False,0.0,json
R1487T,R1487T,catFR1,X,2,-999,False,True,False,0.0,json
R1487T,R1487T,catFR5,X,0,-999,True,False,False,0.0,log
R1487T,R1487T,catFR5,X,1,-999,True,False,False,0.0,log
R1488T,R1488T,catFR1,X,0,-999,False,True,False,0.0,json
R1488T,R1488T,catFR1,X,2,-999,False,True,False,0.0,json
R1488T,R1488T,catFR1,X,3,-999,False,True,False,0.0,json
R1488T,R1488T,catFR5,X,0,-999,True,False,False,0.0,log
R1489E,R1489E,catFR1,X,1,-999,False,True,False,0.0,json
R1489E,R1489E,catFR1,X,2,-999,False,True,False,0.0,json
R1489E,R1489E,catFR1,X,3,-999,False,True,False,0.0,json
R1489E,R1489E,catFR1,X,4,-999,False,True,False,0.0,json
R1489E,R1489E,catFR5,X,2,-999,True,False,False,0.0,log
R1489E,R1489E,catFR5,X,3,-999,True,False,False,0.0,log
R1490T,R1490T,catFR1,X,0,-999,False,True,False,0.0,json
R1490T,R1490T,catFR1,X,1,-999,False,True,False,0.0,json
R1490T,R1490T,catFR1,X,2,-999,False,True,False,0.0,json
R1491T,R1491T,catFR1,X,0,-999,False,True,False,0.0,json
R1491T,R1491T,catFR1,X,1,-999,False,True,False,0.0,json
R1491T,R1491T,catFR1,X,2,-999,False,True,False,0.0,json
R1491T,R1491T,catFR1,X,3,-999,False,True,False,0.0,json
R1491T,R1491T,catFR1,X,4,-999,False,True,False,0.0,json
R1491T,R1491T,catFR1,X,5,-999,False,True,False,0.0,json
R1491T,R1491T,catFR5,X,0,-999,True,False,False,0.0,log
R1492J,R1492J,catFR1,X,0,-999,False,True,False,0.0,json
R1492J,R1492J,catFR1,X,1,-999,False,True,False,0.0,json
R1492J,R1492J,catFR1,X,2,-999,False,True,False,0.0,json
R1492J,R1492J,catFR1,X,4,-999,False,True,False,0.0,json
R1493T,R1493T,catFR1,X,0,-999,False,True,False,0.0,json
R1493T,R1493T,catFR1,X,1,-999,False,True,False,0.0,json
R1493T,R1493T,catFR1,X,3,-999,False,True,False,0.0,json
R1493T,R1493T,catFR1,X,4,-999,False,True,False,0.0,json
R1493T,R1493T,catFR6,CatFR6,1,-999,False,True,False,0.0,json
R1493T,R1493T,catFR6,CatFR6,2,-999,False,True,False,0.0,json
R1494D,R1494D,DBOY1,X,0,-999,False,False,True,0.0,jsonl
R1494D,R1494D,DBOY1,X,1,-999,False,False,True,0.0,jsonl
R1494D,R1494D,DBOY1,X,2,-999,False,False,True,0.0,jsonl
R1495J,R1495J,catFR1,X,0,-999,False,True,False,0.0,json
R1495J,R1495J,catFR1,X,1,-999,False,True,False,0.0005,json
R1495J,R1495J,catFR1,X,2,-999,False,True,False,0.0,json
R1495J,R1495J,catFR1,X,4,-999,False,True,False,0.0,json
R1495J,R1495J,catFR1,X,5,-999,False,True,False,0.0,json
R1495J,R1495J,catFR1,X,6,-999,False,True,False,0.0,json
R1495J,R1495J,catFR1,X,8,-999,False,True,False,0.0,json
R1495J,R1495J,catFR1,X,10,-999,False,True,False,5e-05,json
R1495J,R1495J,catFR6,CatFR6,0,-999,False,True,False,0.0,json
R1495J,R1495J,catFR6,CatFR6,2,-999,False,True,False,0.0,json
R1496T,R1496T,catFR1,X,0,-999,False,True,False,0.0,json
R1496T,R1496T,catFR1,X,1,-999,False,True,False,0.0,json
R1497T,R1497T,catFR1,X,0,-999,False,True,False,0.0,json
R1497T,R1497T,catFR1,X,1,-999,False,True,False,0.0,json
R1497T,R1497T,catFR1,X,2,-999,False,True,False,0.0,json
R1497T,R1497T,catFR1,X,3,-999,False,True,False,0.0,json
R1497T,R1497T,catFR1,X,4,-999,False,True,False,0.0,json
R1497T,R1497T,catFR6,CatFR6,0,-999,False,True,False,0.0,json
R1498D,R1498D,catFR1,X,1,-999,False,True,False,0.0,json
R1498D,R1498D,catFR1,X,2,-999,False,True,False,0.0,json
R1498D,R1498D,catFR1,X,4,-999,False,True,False,0.0,json
R1498D,R1498D,catFR1,X,5,-999,False,True,False,0.0,json
R1498D,R1498D,catFR5,X,0,-999,True,False,False,0.0,log
R1499T,R1499T,catFR1,X,0,-999,False,True,False,0.0,json
R1499T,R1499T,catFR1,X,1,-999,False,True,False,0.0,json
R1499T,R1499T,catFR1,X,2,-999,False,True,False,0.0,json
R1499T,R1499T,catFR1,X,4,-999,False,True,False,0.0,json
R1500T,R1500T,CatFR6,X,0,-999,False,True,False,0.0,json
R1500T,R1500T,catFR1,X,0,-999,False,True,False,0.0,json
R1500T,R1500T,catFR1,X,1,-999,False,True,False,0.0,json
R1500T,R1500T,catFR1,X,2,-999,False,True,False,0.0,json
R1500T,R1500T,catFR1,X,3,-999,False,True,False,0.0,json
R1500T,R1500T,catFR6,X,0,-999,False,True,False,0.0,json
R1500T,R1500T,catFR6,X,1,-999,False,True,False,0.0,json
R1501J,R1501J,DBOY1,X,0,-999,False,False,True,0.0,jsonl
R1501J,R1501J,DBOY1,X,1,-999,False,False,True,0.0,jsonl
R1501J,R1501J,RepFR1,X,0,-999,False,False,True,0.0,jsonl
R1501J,R1501J,RepFR1,X,1,-999,False,False,True,0.0,jsonl
R1501J,R1501J,RepFR1,X,2,-999,False,False,True,0.0,jsonl
R1501J,R1501J,TICL_catFR,TICL_CatFR,0,-999,False,True,False,0.0,json
R1501J,R1501J,catFR1,X,6,-999,False,True,False,0.0,json
R1501J,R1501J,catFR1,X,8,-999,False,True,False,0.0,json
R1502D,R1502D,DBOY1,X,0,-999,False,False,True,0.0,jsonl
R1502D,R1502D,DBOY1,X,1,-999,False,False,True,0.0,jsonl
R1503E,R1503E,DBOY1,X,0,-999,False,False,True,0.0,jsonl
R1503E,R1503E,DBOY1,X,1,-999,False,False,True,0.0,jsonl
R1503E,R1503E,DBOY1,X,2,-999,False,False,True,0.0,jsonl
R1504E,R1504E,DBOY1,X,0,-999,False,False,True,0.0,jsonl
R1505J,R1505J,catFR1,X,0,-999,False,True,False,0.0,json
R1505J,R1505J,catFR1,X,1,-999,False,True,False,0.0,json
R1509E,R1509E,DBOY1,X,0,-999,False,False,True,0.0,jsonl
R1509E,R1509E,DBOY1,X,1,-999,False,False,True,0.00025,jsonl
R1509E,R1509E,DBOY1,X,2,-999,False,False,True,0.0,jsonl
R1509E,R1509E,DBOY1,X,3,-999,False,False,True,0.0,jsonl
R1509E,R1509E,DBOY1,X,4,-999,False,False,True,0.0004,jsonl
R1509E,R1509E,DBOY1,X,5,-999,False,False,True,0.0,jsonl
R1513D,R1513D,DBOY1,X,0,-999,False,False,True,0.0,jsonl
R1514E,R1514E,RepFR1,X,0,-999,False,False,True,0.0,jsonl
R1515T,R1515T,TICL_catFR,TICL_CatFR,0,-999,False,True,False,0.0,json
R1515T,R1515T,catFR1,X,0,-999,False,True,False,0.0,json
R1515T,R1515T,catFR1,X,1,-999,False,True,False,0.0,json
R1515T,R1515T,catFR1,X,2,-999,False,True,False,0.0,json
R1515T,R1515T,catFR1,X,3,-999,False,True,False,0.0,json
R1516E,R1516E,RepFR1,X,0,-999,False,False,True,0.0,jsonl
R1516E,R1516E_1,RepFR1,X,1,0,False,False,True,0.0,jsonl
R1518T,R1518T,catFR1,X,0,-999,False,True,False,0.0,json
R1518T,R1518T,catFR1,X,1,-999,False,True,False,0.0,json
R1518T,R1518T,catFR1,X,2,-999,False,True,False,0.0,json
R1520T,R1520T,DBOY1,X,0,-999,False,False,True,0.0,jsonl
R1521E,R1521E,DBOY1,X,0,-999,False,False,True,0.0,jsonl
R1521E,R1521E,DBOY1,X,1,-999,False,False,True,0.0,jsonl
R1521E,R1521E,DBOY1,X,2,-999,False,False,True,0.0,jsonl
R1523E,R1523E,DBOY1,X,0,-999,False,False,True,0.0,jsonl
R1523E,R1523E,DBOY1,X,1,-999,False,False,True,0.0,jsonl
R1524T,R1524T,DBOY1,X,0,-999,False,False,True,0.0,jsonl
R1524T,R1524T,DBOY1,X,1,-999,False,False,True,0.0,jsonl
R1524T,R1524T,DBOY1,X,2,-999,False,False,True,0.0,jsonl
R1525J,R1525J,TICL_catFR,TICL_CatFR,1,-999,False,True,False,0.0,json
R1525J,R1525J,catFR1,X,0,-999,False,True,False,0.0497,json
R1525J,R1525J,catFR1,X,2,-999,False,True,False,0.0513,json
R1525J,R1525J,catFR1,X,3,-999,False,True,False,0.050850000000000006,json
R1525J,R1525J,catFR1,X,4,-999,False,True,False,0.051199999999999996,json
R1525J,R1525J,catFR1,X,5,-999,False,True,False,0.0585,json
R1525J,R1525J,catFR1,X,6,-999,False,True,False,0.054150000000000004,json
R1526J,R1526J,DBOY1,X,3,-999,False,False,True,0.0,jsonl
R1526J,R1526J,DBOY1,X,5,-999,False,False,True,0.0,jsonl
R1526J,R1526J,DBOY1,X,6,-999,False,False,True,0.00235,jsonl
R1526J,R1526J,DBOY1,X,7,-999,False,False,True,0.0,jsonl
R1526J,R1526J,catFR1,X,0,-999,False,True,False,0.0631,json
R1527J,R1527J,TICL_catFR,TICL_CatFR,1,-999,False,True,False,0.0,json
R1527J,R1527J,catFR1,X,0,-999,False,True,False,0.05865,json
R1527J,R1527J,catFR1,X,1,-999,False,True,False,0.0494,json
R1527J,R1527J,catFR1,X,2,-999,False,True,False,0.05685,json
R1527J,R1527J,catFR1,X,3,-999,False,True,False,0.0561,json
R1527J,R1527J,catFR1,X,4,-999,False,True,False,0.05265,json
R1527J,R1527J,catFR1,X,5,-999,False,True,False,0.054,json
R1528E,R1528E,RepFR1,X,0,-999,False,False,True,0.04635,jsonl
R1528E,R1528E,RepFR1,X,1,-999,False,False,True,0.055099999999999996,jsonl
R1529T,R1529T,DBOY1,X,1,-999,False,False,True,0.0,jsonl
R1529T,R1529T,DBOY1,X,2,-999,False,False,True,0.0,jsonl
R1530J,R1530J,DBOY1,X,0,-999,False,False,True,0.0,jsonl
R1530J,R1530J,catFR1,X,0,-999,False,True,False,0.07665,json
R1530J,R1530J,catFR1,X,1,-999,False,True,False,0.05915,json
R1530J,R1530J,catFR1,X,2,-999,False,True,False,0.0479,json
R1530J,R1530J,catFR1,X,3,-999,False,True,False,0.0567,json
R1530J,R1530J,catFR1,X,4,-999,False,True,False,0.0636,json
R1530J,R1530J,catFR1,X,6,-999,False,True,False,0.06125,json
R1531T,R1531T,RepFR1,X,0,-999,False,False,True,0.0339,jsonl
R1531T,R1531T,RepFR1,X,1,-999,False,False,True,0.0632,jsonl
R1532T,R1532T,DBOY1,X,3,-999,False,False,True,0.0,jsonl
R1532T,R1532T,catFR1,X,0,-999,False,True,False,0.055749999999999994,json
R1532T,R1532T,catFR1,X,1,-999,False,True,False,0.0586,json
R1533J,R1533J,DBOY1,X,1,-999,False,False,True,0.0,jsonl
R1533J,R1533J,catFR1,X,0,-999,False,True,False,0.04505,json
R1534D,R1534D,RepFR1,X,0,-999,False,False,True,0.06935,jsonl
R1535E,R1535E,DBOY1,X,0,-999,False,False,True,0.0,jsonl
R1536J,R1536J,DBOY1,X,0,-999,False,False,True,0.00055,jsonl
R1536J,R1536J,DBOY1,X,1,-999,False,False,True,0.0,jsonl
R1536J,R1536J,DBOY1,X,2,-999,False,False,True,0.0,jsonl
R1536J,R1536J,DBOY1,X,3,-999,False,False,True,0.0014,jsonl
R1536J,R1536J,DBOY1,X,4,-999,False,False,True,0.0,jsonl
R1536J,R1536J,TICL_catFR,TICL_CatFR,2,-999,False,True,False,0.0,json
R1536J,R1536J,catFR1,X,0,-999,False,True,False,0.0559,json
R1536J,R1536J,catFR1,X,1,-999,False,True,False,0.06205,json
R1536J,R1536J,catFR1,X,2,-999,False,True,False,0.059649999999999995,json
R1536J,R1536J,catFR1,X,3,-999,False,True,False,0.04545,json
R1537T,R1537T,DBOY1,X,0,-999,False,False,True,0.0,jsonl
R1537T,R1537T,DBOY1,X,1,-999,False,False,True,0.03285,jsonl
R1537T,R1537T,catFR1,X,0,-999,False,True,False,0.05495,json
R1538E,R1538E,DBOY1,X,0,-999,False,False,True,0.0,jsonl
R1538E,R1538E,DBOY1,X,1,-999,False,False,True,0.00045,jsonl
R1539E,R1539E,DBOY1,X,0,-999,False,False,True,0.0,jsonl
R1539E,R1539E,DBOY1,X,1,-999,False,False,True,0.0,jsonl
R1541T,R1541T,catFR1,X,0,-999,False,True,False,0.07565,json
R1541T,R1541T,catFR1,X,1,-999,False,True,False,0.08325,json
R1541T,R1541T,catFR1,X,2,-999,False,True,False,0.06585,json
R1541T,R1541T,catFR1,X,3,-999,False,True,False,0.06509999999999999,json
R1541T,R1541T,catFR1,X,4,-999,False,True,False,0.06555,json
R1541T,R1541T,catFR1,X,6,-999,False,True,False,0.08195,json
R1542J,R1542J,DBOY1,X,0,-999,False,False,True,0.0,jsonl
R1542J,R1542J,DBOY1,X,1,-999,False,False,True,0.0,jsonl
R1542J,R1542J,FR1,X,0,-999,False,True,False,0.053250000000000006,json
R1542J,R1542J,FR1,X,1,-999,False,True,False,0.0656,json
R1542J,R1542J,FR1,X,2,-999,False,True,False,0.04975,json
R1542J,R1542J,FR1,X,3,-999,False,True,False,0.05455,json
R1542J,R1542J,FR1,X,4,-999,False,True,False,0.05585,json
R1542J,R1542J,FR1,X,5,-999,False,True,False,0.05105,json
R1542J,R1542J,TICL_FR,X,0,-999,False,True,False,0.0,json
R1542J,R1542J,TICL_FR,X,1,-999,False,True,False,0.0,json
R1542J,R1542J,TICL_FR,X,2,-999,False,True,False,0.0,json
R1542J,R1542J,catFR1,X,0,-999,False,True,False,0.053500000000000006,json
R1542J,R1542J,catFR1,X,1,-999,False,True,False,0.04985,json
R1543E,R1543E,DBOY1,X,0,-999,False,False,True,0.0,jsonl
R1543E,R1543E,DBOY1,X,1,-999,False,False,True,0.0,jsonl
R1543E,R1543E,DBOY1,X,2,-999,False,False,True,0.00035,jsonl
R1543E,R1543E,DBOY1,X,3,-999,False,False,True,0.00045,jsonl
R1544E,R1544E,DBOY1,X,0,-999,False,False,True,0.0,jsonl
R1544E,R1544E,DBOY1,X,1,-999,False,False,True,0.0017,jsonl
R1546E,R1546E,DBOY1,X,0,-999,False,False,True,0.0,jsonl
R1546E,R1546E,DBOY1,X,1,-999,False,False,True,0.0006,jsonl
R1546E,R1546E,DBOY1,X,2,-999,False,False,True,0.0,jsonl
R1547D,R1547D,RepFR1,X,0,-999,False,False,True,0.06205,jsonl
R1549E,R1549E,DBOY1,X,0,-999,False,False,True,0.0,jsonl
R1551T,R1551T,DBOY1,X,0,-999,False,False,True,0.0,jsonl
R1551T,R1551T,DBOY1,X,1,-999,False,False,True,0.0,jsonl
R1551T,R1551T,DBOY1,X,2,-999,False,False,True,0.0,jsonl
R1551T,R1551T,DBOY1,X,3,-999,False,False,True,0.0011,jsonl
R1552E,R1552E,DBOY1,X,1,-999,False,False,True,0.0,jsonl
R1552E,R1552E,DBOY1,X,2,-999,False,False,True,0.0,jsonl
R1553E,R1553E,DBOY1,X,0,-999,False,False,True,0.0,jsonl
R1554T,R1554T,DBOY1,X,0,-999,False,False,True,0.0,jsonl
R1554T,R1554T,DBOY1,X,1,-999,False,False,True,0.0,jsonl
R1556J,R1556J,DBOY1,X,0,-999,False,False,True,0.0,jsonl
R1556J,R1556J,DBOY1,X,1,-999,False,False,True,0.0,jsonl
R1556J,R1556J,RepFR1,X,0,-999,False,False,True,0.0695,jsonl
R1556J,R1556J,RepFR1,X,1,-999,False,False,True,0.06315000000000001,jsonl
R1556J,R1556J,RepFR1,X,2,-999,False,False,True,0.058300000000000005,jsonl
R1556J,R1556J_1,RepFR1,X,3,0,False,False,True,0.0412,jsonl
R1556J,R1556J_1,RepFR1,X,4,1,False,False,True,0.0504,jsonl
R1556J,R1556J_1,RepFR2,X,0,-999,False,False,True,0.0526,jsonl
R1560T,R1560T,DBOY1,X,2,-999,False,False,True,0.0,jsonl
R1561E,R1561E,DBOY1,X,0,-999,False,False,True,0.00165,jsonl
R1561E,R1561E,DBOY1,X,1,-999,False,False,True,0.0,jsonl
R1564J,R1564J,DBOY1,X,0,-999,False,False,True,0.0,jsonl
R1564J,R1564J,RepFR1,X,1,-999,False,False,True,0.05635,jsonl
R1564J,R1564J,RepFR1,X,2,-999,False,False,True,0.07375000000000001,jsonl
R1565T,R1565T,DBOY1,X,0,-999,False,False,True,0.0365,jsonl
R1565T,R1565T,FR1,X,0,-999,True,False,False,0.02465,log
R1566D,R1566D,RepFR1,X,1,-999,False,False,True,0.0727,jsonl
R1566D,R1566D,RepFR1,X,3,-999,False,False,True,0.0663,jsonl
R1566D,R1566D,RepFR1,X,4,-999,False,False,True,0.0615,jsonl
R1567T,R1567T,DBOY1,X,0,-999,False,False,True,0.0,jsonl
R1567T,R1567T,DBOY1,X,1,-999,False,False,True,0.0,jsonl
R1568E,R1568E,RepFR1,X,0,-999,False,False,True,0.0574,jsonl
R1568E,R1568E,RepFR1,X,1,-999,False,False,True,0.060200000000000004,jsonl
R1569T,R1569T,DBOY1,X,0,-999,False,False,True,0.0142,jsonl
R1569T,R1569T,DBOY1,X,1,-999,False,False,True,0.0,jsonl
R1569T,R1569T,FR1,X,0,-999,True,False,False,0.02175,log
R1570T,R1570T,DBOY1,X,0,-999,False,False,True,0.025599999999999998,jsonl
R1570T,R1570T,DBOY1,X,1,-999,False,False,True,0.0,jsonl
R1571T,R1571T,DBOY1,X,0,-999,False,False,True,0.0012,jsonl
R1571T,R1571T,DBOY1,X,1,-999,False,False,True,0.0,jsonl
R1571T,R1571T,FR1,X,0,-999,True,False,False,0.0489,log
R1572T,R1572T,DBOY1,X,0,-999,False,False,True,0.0,jsonl
R1572T,R1572T,DBOY1,X,1,-999,False,False,True,0.0,jsonl
R1572T,R1572T,DBOY1,X,2,-999,False,False,True,0.0,jsonl
R1572T,R1572T,FR1,X,0,-999,True,False,False,0.0991,log
R1573T,R1573T,DBOY1,X,0,-999,False,False,True,0.0,jsonl
R1573T,R1573T,FR1,X,0,-999,True,False,False,0.0238,log
R1575E,R1575E_1,DBOY1,X,0,0,False,False,True,0.0,jsonl
R1579T,R1579T,RepFR1,X,0,-999,False,False,True,0.046,jsonl
R1579T,R1579T,RepFR1,X,1,-999,False,False,True,0.054349999999999996,jsonl
R1579T,R1579T,RepFR2,X,0,-999,False,False,True,0.06745000000000001,jsonl
R1582E,R1582E,RepFR1,X,0,-999,False,False,True,0.0467,jsonl
R1582E,R1582E,RepFR1,X,1,-999,False,False,True,0.0643,jsonl
R1582E,R1582E,RepFR1,X,2,-999,False,False,True,0.06365000000000001,jsonl
R1584J,R1584J,RepFR1,X,0,-999,False,False,True,0.06605,jsonl
R1584J,R1584J,RepFR1,X,1,-999,False,False,True,0.05355,jsonl
R1584J,R1584J,RepFR1,X,2,-999,False,False,True,0.059,jsonl
R1584J,R1584J,RepFR1,X,3,-999,False,False,True,0.05265,jsonl
R1584J,R1584J,RepFR1,X,4,-999,False,False,True,0.07705,jsonl
R1584J,R1584J,RepFR1,X,5,-999,False,False,True,0.057550000000000004,jsonl
R1585E,R1585E,DBOY1,X,0,-999,False,False,True,0.0004,jsonl
R1585E,R1585E,RepFR2,X,0,-999,False,False,True,0.0518,jsonl
R1586T,R1586T,RepFR1,X,0,-999,False,False,True,0.0816,jsonl
R1587J,R1587J,RepFR1,X,1,-999,False,False,True,0.0775,jsonl
R1587J,R1587J,RepFR1,X,2,-999,False,False,True,0.06355,jsonl
R1587J,R1587J,RepFR1,X,3,-999,False,False,True,0.048949999999999994,jsonl
R1587J,R1587J,RepFR2,X,0,-999,False,False,True,0.0555,jsonl
R1589T,R1589T,RepFR1,X,0,-999,False,False,True,0.057050000000000003,jsonl
R1589T,R1589T,RepFR1,X,1,-999,False,False,True,0.0558,jsonl
R1589T,R1589T,RepFR1,X,2,-999,False,False,True,0.0547,jsonl
R1589T,R1589T,RepFR1,X,3,-999,False,False,True,0.05015,jsonl
R1589T,R1589T,RepFR2,X,0,-999,False,False,True,0.054150000000000004,jsonl
R1589T,R1589T,RepFR2,X,1,-999,False,False,True,0.0807,jsonl
R1589T,R1589T,RepFR2,X,3,1,False,False,True,0.0807,jsonl
R1590T,R1590T,RepFR1,X,0,-999,False,False,True,0.0471,jsonl
R1590T,R1590T,RepFR1,X,1,-999,False,False,True,0.0588,jsonl
R1590T,R1590T,RepFR1,X,2,-999,False,False,True,0.0492,jsonl
R1590T,R1590T,RepFR1,X,3,-999,False,False,True,0.0558,jsonl
R1590T,R1590T,RepFR2,X,0,-999,False,False,True,0.07165,jsonl
R1590T,R1590T,RepFR2,X,1,-999,False,False,True,0.0505,jsonl
R1593D,R1593D,RepFR1,X,0,-999,False,False,True,0.0598,jsonl
R1593D,R1593D,RepFR1,X,1,-999,False,False,True,0.0685,jsonl
R1594E,R1594E,RepFR1,X,0,-999,False,False,True,0.0578,jsonl
R1596T,R1596T,RepFR1,X,0,-999,False,False,True,0.066,jsonl
R1598E,R1598E,DBOY1,X,0,-999,False,False,True,0.0,jsonl
R1602D,R1602D,RepFR2,X,0,-999,False,False,True,0.0579,jsonl
R1602D,R1602D,RepFR2,X,1,-999,False,False,True,0.06915,jsonl
R1602D,R1602D,RepFR2,X,2,-999,False,False,True,0.0911,jsonl
R1602D,R1602D,RepFR2,X,3,-999,False,False,True,0.0743,jsonl
R1603T,R1603T,RepFR1,X,0,-999,False,False,True,0.0453,jsonl
R1604J,R1604J,RepFR1,X,0,-999,False,False,True,0.0612,jsonl
R1607T,R1607T,RepFR2,X,0,-999,False,False,True,0.07055,jsonl
R1610D,R1610D,RepFR1,X,0,-999,False,False,True,0.0595,jsonl
R1610D,R1610D,RepFR1,X,1,-999,False,False,True,0.04715,jsonl
R1610D,R1610D,RepFR1,X,2,-999,False,False,True,0.04745,jsonl
R1610D,R1610D,RepFR2,X,0,-999,False,False,True,0.0631,jsonl
R1610D,R1610D,RepFR2,X,1,-999,False,False,True,0.0644,jsonl
R1611T,R1611T,RepFR1,X,0,-999,False,False,True,0.059550000000000006,jsonl
R1611T,R1611T,RepFR1,X,1,-999,False,False,True,0.0658,jsonl
R1611T,R1611T,RepFR2,X,0,-999,False,False,True,0.06290000000000001,jsonl
R1612E,R1612E,RepFR1,X,0,-999,False,False,True,0.0621,jsonl
R1612E,R1612E,RepFR2,X,0,-999,False,False,True,0.0523,jsonl
R1612E,R1612E,RepFR2,X,1,-999,False,False,True,0.05195,jsonl
R1612E,R1612E,RepFR2,X,2,-999,False,False,True,0.0523,jsonl
R1612E,R1612E,RepFR2,X,3,-999,False,False,True,0.06789999999999999,jsonl
R1612E,R1612E,RepFR2,X,4,-999,False,False,True,0.0635,jsonl
R1613T,R1613T,RepFR1,X,0,-999,False,False,True,0.0643,jsonl
R1613T,R1613T,RepFR1,X,1,-999,False,False,True,0.0653,jsonl
R1615T,R1615T,RepFR1,X,0,-999,False,False,True,0.05775,jsonl
R1616S,R1616S,catFR1,X,0,-999,False,True,False,0.0,json
R1616S,R1616S,catFR1,X,1,-999,False,True,False,0.0,json
R1616S,R1616S,catFR1,X,2,-999,False,True,False,0.0,json
R1616S,R1616S,catFR1,X,3,-999,False,True,False,0.0,json
R1616S,R1616S,catFR1,X,4,-999,False,True,False,0.0,json
R1616S,R1616S,catFR1,X,5,-999,False,True,False,0.0,json
R1616S,R1616S,catFR6,X,0,-999,False,True,False,0.0,json
R1617S,R1617S,catFR1,X,3,-999,False,True,False,0.0,json
R1617S,R1617S,catFR1,X,4,-999,False,True,False,0.0,json
R1617S,R1617S,catFR1,X,5,-999,False,True,False,0.0,json
R1617S,R1617S,catFR1,X,6,-999,False,True,False,0.0,json
R1617S,R1617S,catFR1,X,7,-999,False,True,False,0.0,json
R1617S,R1617S,catFR6,X,0,-999,False,True,False,0.0,json
R1617S,R1617S,catFR6,X,1,-999,False,True,False,0.0,json
R1617S,R1617S,catFR6,X,2,-999,False,True,False,0.0,json
R1617S,R1617S,catFR6,X,3,-999,False,True,False,0.0,json
R1617S,R1617S,catFR6,X,4,-999,False,True,False,0.0,json
R1617S,R1617S,catFR6,X,6,-999,False,True,False,0.0,json
R1617S,R1617S,catFR6,X,7,-999,False,True,False,0.0,json
R1617S,R1617S,catFR6,X,8,-999,False,True,False,0.0,json
R1618J,R1618J,RepFR1,X,0,-999,False,False,True,0.075,jsonl
R1618J,R1618J,RepFR2,X,0,-999,False,False,True,0.0715,jsonl
R1619T,R1619T,RepFR1,X,0,-999,False,False,True,0.05455,jsonl
R1619T,R1619T,RepFR2,X,0,-999,False,False,True,0.0673,jsonl
R1620J,R1620J,EFRCourierOpenLoop,X,3,-999,False,False,True,0.0,jsonl
R1620J,R1620J,EFRCourierOpenLoop,X,4,-999,False,False,True,0.0,jsonl
R1620J,R1620J,EFRCourierReadOnly,X,0,-999,False,False,True,0.0,jsonl
R1620J,R1620J,EFRCourierReadOnly,X,1,-999,False,False,True,0.0,jsonl
R1620J,R1620J,EFRCourierReadOnly,X,2,-999,False,False,True,0.0,jsonl
R1620J,R1620J,EFRCourierReadOnly,X,5,-999,False,False,True,0.0,jsonl
R1620J,R1620J,RepFR1,X,0,-999,False,False,True,0.067,jsonl
R1621E,R1621E,RepFR1,X,0,-999,False,False,True,0.06445,jsonl
R1621E,R1621E,RepFR1,X,1,-999,False,False,True,0.0533,jsonl
R1622T,R1622T,RepFR1,X,0,-999,False,False,True,0.054150000000000004,jsonl
R1622T,R1622T,RepFR1,X,1,-999,False,False,True,0.0533,jsonl
R1624E,R1624E,RepFR1,X,1,-999,False,False,True,0.0561,jsonl
R1624E,R1624E,RepFR1,X,2,-999,False,False,True,0.05645,jsonl
R1624E,R1624E,RepFR1,X,3,-999,False,False,True,0.0663,jsonl
R1624E,R1624E,RepFR1,X,4,-999,False,False,True,0.0586,jsonl
R1624E,R1624E,RepFR2,X,0,-999,False,False,True,0.0599,jsonl
R1624E,R1624E,RepFR2,X,1,-999,False,False,True,0.06434999999999999,jsonl
R1624E,R1624E,RepFR2,X,2,-999,False,False,True,0.04715,jsonl
R1625T,R1625T,RepFR1,X,0,-999,False,False,True,0.06775,jsonl
R1625T,R1625T,RepFR1,X,3,-999,False,False,True,0.06384999999999999,jsonl
R1625T,R1625T,RepFR2,X,0,-999,False,False,True,0.06605,jsonl
R1625T,R1625T,RepFR2,X,1,-999,False,False,True,0.0524,jsonl
R1626S,R1626S,catFR1,X,0,-999,False,True,False,0.0,json
R1626S,R1626S,catFR1,X,2,-999,False,True,False,0.0,json
R1626S,R1626S,catFR1,X,3,-999,False,True,False,0.0,json
R1626S,R1626S,catFR1,X,4,-999,False,True,False,0.0,json
R1626S,R1626S,catFR1,X,6,-999,False,True,False,0.0,json
R1626S,R1626S,catFR1,X,7,-999,False,True,False,0.0,json
R1626S,R1626S,catFR1,X,8,-999,False,True,False,0.0,json
R1627T,R1627T,RepFR1,X,1,-999,False,False,True,0.04985,jsonl
R1627T,R1627T,RepFR2,X,1,-999,False,False,True,0.06535,jsonl
R1627T,R1627T,catFR1,X,0,-999,False,True,False,0.0,json
R1627T,R1627T,catFR1,X,1,-999,False,True,False,0.0,json
R1628E,R1628E,RepFR1,X,0,-999,False,False,True,0.05165,jsonl
R1628E,R1628E,RepFR1,X,1,-999,False,False,True,0.05785,jsonl
R1630E,R1630E,RepFR1,X,0,-999,False,False,True,0.06634999999999999,jsonl
R1630E,R1630E,RepFR1,X,1,-999,False,False,True,0.05785,jsonl
R1632E,R1632E,RepFR1,X,0,-999,False,False,True,0.059,jsonl
R1632E,R1632E,RepFR1,X,1,-999,False,False,True,0.057249999999999995,jsonl
R1632E,R1632E,RepFR1,X,2,-999,False,False,True,0.04995,jsonl
R1633J,R1633J,EFRCourierReadOnly,X,1,-999,False,False,True,0.0,jsonl
R1633J,R1633J,RepFR1,X,0,-999,False,False,True,0.09,jsonl
R1633J,R1633J,RepFR1,X,1,-999,False,False,True,0.09185,jsonl
R1633J,R1633J,RepFR1,X,2,-999,False,False,True,0.1011,jsonl
R1635T,R1635T,RepFR1,X,0,-999,False,False,True,0.04915,jsonl
R1635T,R1635T,catFR1,X,1,-999,False,True,False,0.0,json
R1635T,R1635T,catFR1,X,2,-999,False,True,False,0.0,json
R1635T,R1635T,catFR1,X,4,-999,False,True,False,0.0,json
R1637T,R1637T,EFRCourierReadOnly,X,0,-999,False,False,True,0.0,jsonl
R1637T,R1637T,EFRCourierReadOnly,X,1,-999,False,False,True,0.0,jsonl
R1637T,R1637T,catFR1,X,0,-999,False,True,False,0.0,json
R1638E,R1638E,RepFR1,X,0,-999,False,False,True,0.08695,jsonl
R1638E,R1638E,RepFR1,X,1,-999,False,False,True,0.09295,jsonl
R1640T,R1640T,catFR1,X,0,-999,False,True,False,0.001,json
R1640T,R1640T,catFR1,X,1,-999,False,True,False,0.0,json
R1640T,R1640T,catFR1,X,2,-999,False,True,False,0.0,json
R1641E,R1641E,RepFR2,X,0,-999,False,False,True,0.10139999999999999,jsonl
R1641E,R1641E,RepFR2,X,1,-999,False,False,True,0.09275,jsonl
R1642J,R1642J,EFRCourierReadOnly,X,0,-999,False,False,True,0.0,jsonl
R1642J,R1642J,EFRCourierReadOnly,X,2,-999,False,False,True,0.0,jsonl
R1642J,R1642J,EFRCourierReadOnly,X,3,-999,False,False,True,0.0,jsonl
R1642J,R1642J,RepFR1,X,0,-999,False,False,True,0.09975,jsonl
R1642J,R1642J,RepFR1,X,1,-999,False,False,True,0.1033,jsonl
R1642J,R1642J,RepFR1,X,2,-999,False,False,True,0.0958,jsonl
R1642J,R1642J,RepFR1,X,3,-999,False,False,True,0.0903,jsonl
R1642J,R1642J,RepFR1,X,4,-999,False,False,True,0.10855000000000001,jsonl
R1642J,R1642J,RepFR1,X,5,-999,False,False,True,0.0925,jsonl
R1642J,R1642J,RepFR1,X,6,-999,False,False,True,0.10285,jsonl
R1642J,R1642J,RepFR2,X,0,-999,False,False,True,0.109,jsonl
R1642J,R1642J,RepFR2,X,1,-999,False,False,True,0.1043,jsonl
R1642J,R1642J,catFR1,X,0,-999,False,True,False,0.0,json
R1642J,R1642J,catFR1,X,1,-999,False,True,False,0.0,json
R1642J,R1642J,catFR1,X,2,-999,False,True,False,0.0,json
R1642J,R1642J,catFR1,X,3,-999,False,True,False,0.0,json
R1644T,R1644T,RepFR1,X,0,-999,False,False,True,0.05685,jsonl
R1644T,R1644T,RepFR1,X,1,-999,False,False,True,0.06255,jsonl
R1644T,R1644T,RepFR1,X,2,-999,False,False,True,0.061649999999999996,jsonl
R1644T,R1644T,RepFR2,X,0,-999,False,False,True,0.062,jsonl
R1646T,R1646T,catFR1,X,0,-999,False,True,False,0.0,json
R1646T,R1646T,catFR1,X,1,-999,False,True,False,0.0,json
R1646T,R1646T,catFR1,X,2,-999,False,True,False,0.0,json
R1646T,R1646T,catFR1,X,3,-999,False,True,False,0.0,json
R1650E,R1650E,RepFR1,X,0,-999,False,False,True,0.0939,jsonl
R1651J,R1651J,EFRCourierReadOnly,X,0,-999,False,False,True,0.0,jsonl
R1651J,R1651J,EFRCourierReadOnly,X,1,-999,False,False,True,0.0,jsonl
R1651J,R1651J,EFRCourierReadOnly,X,3,-999,False,False,True,0.0,jsonl
R1651J,R1651J,RepFR1,X,0,-999,False,False,True,0.1033,jsonl
R1651J,R1651J,RepFR1,X,1,-999,False,False,True,0.10225000000000001,jsonl
R1651J,R1651J,RepFR1,X,2,-999,False,False,True,0.0917,jsonl
R1651J,R1651J,RepFR1,X,3,-999,False,False,True,0.1017,jsonl
R1652A,R1652A,catFR1,X,0,-999,False,True,False,0.0,json
R1652A,R1652A,catFR1,X,2,-999,False,True,False,0.0,json
R1652A,R1652A,catFR1,X,3,-999,False,True,False,0.0,json
R1652A,R1652A,catFR1,X,4,-999,False,True,False,0.0,json
R1652A,R1652A,catFR1,X,5,-999,False,True,False,0.0,json
R1652A,R1652A,catFR1,X,6,-999,False,True,False,0.0,json
R1652A,R1652A,catFR6,X,4,-999,False,True,False,0.0,json
R1653J,R1653J,EFRCourierReadOnly,X,0,-999,False,False,True,0.0,jsonl
R1653J,R1653J,EFRCourierReadOnly,X,1,-999,False,False,True,0.0,jsonl
R1653J,R1653J,RepFR1,X,0,-999,False,False,True,0.0898,jsonl
R1653J,R1653J,RepFR1,X,1,-999,False,False,True,0.10955000000000001,jsonl
R1653J,R1653J,RepFR2,X,0,-999,False,False,True,0.0978,jsonl
R1653J,R1653J_1,EFRCourierOpenLoop,X,0,-999,False,False,True,0.0,jsonl
R1653J,R1653J_1,EFRCourierOpenLoop,X,1,-999,False,False,True,0.0,jsonl
R1653J,R1653J_1,EFRCourierOpenLoop,X,2,-999,False,False,True,0.0,jsonl
R1653J,R1653J_1,RepFR2,X,1,0,False,False,True,0.1033,jsonl
R1653J,R1653J_1,RepFR2,X,2,1,False,False,True,0.10675,jsonl
R1653J,R1653J_1,RepFR2,X,3,2,False,False,True,0.1033,jsonl
R1653J,R1653J_1,RepFR2,X,4,3,False,False,True,0.0947,jsonl
R1653J,R1653J_1,RepFR2,X,5,4,False,False,True,0.10295,jsonl
R1653J,R1653J_1,RepFR2,X,6,5,False,False,True,0.1008,jsonl
R1654J,R1654J,RepFR1,X,0,-999,False,False,True,0.10364999999999999,jsonl
R1655S,R1655S,catFR1,X,0,-999,False,True,False,0.0,json
R1655S,R1655S,catFR1,X,2,-999,False,True,False,0.0,json
R1655S,R1655S,catFR1,X,4,-999,False,True,False,0.0,json
R1655S,R1655S,catFR1,X,5,-999,False,True,False,0.0,json
R1655S,R1655S,catFR6,X,7,-999,False,True,False,0.0,json
R1655S,R1655S,catFR6,X,8,-999,False,True,False,0.0,json
R1655S,R1655S,catFR6,X,9,-999,False,True,False,0.0,json
R1658S,R1658S,catFR6,X,10,-999,False,True,False,0.0,json
R1658S,R1658S,catFR6,X,14,-999,False,True,False,0.0,json
R1658S,R1658S,catFR6,X,16,-999,False,True,False,0.0,json
R1659A,R1659A,catFR1,X,0,-999,False,True,False,0.0,json
R1659A,R1659A,catFR1,X,1,-999,False,True,False,0.0,json
R1659A,R1659A,catFR1,X,2,-999,False,True,False,0.0,json
R1659A,R1659A,catFR1,X,3,-999,False,True,False,0.0,json
R1660T,R1660T,RepFR2,X,0,-999,False,False,True,0.0566,jsonl
R1661E,R1661E,RepFR2,X,0,-999,False,False,True,0.09975,jsonl
R1662S,R1662S,catFR1,X,4,-999,False,True,False,0.0,json
R1662S,R1662S,catFR1,X,5,-999,False,True,False,0.0,json
R1662S,R1662S,catFR1,X,6,-999,False,True,False,0.0,json
R1662S,R1662S,catFR1,X,7,-999,False,True,False,0.0,json
R1662S,R1662S,catFR1,X,8,-999,False,True,False,0.0,json
R1662S,R1662S,catFR1,X,10,-999,False,True,False,0.0,json
R1662S,R1662S,catFR6,X,6,-999,False,True,False,0.0,json
R1662S,R1662S,catFR6,X,8,-999,False,True,False,0.0,json
R1662S,R1662S,catFR6,X,11,-999,False,True,False,0.0,json
R1662S,R1662S,catFR6,X,12,-999,False,True,False,0.0,json
R1662S,R1662S,catFR6,X,15,-999,False,True,False,0.0,json
R1662S,R1662S,catFR6,X,16,-999,False,True,False,0.0,json
R1662S,R1662S,catFR6,X,18,-999,False,True,False,0.0,json
R1662S,R1662S,catFR6,X,19,-999,False,True,False,0.0,json
R1663E,R1663E,EFRCourierReadOnly,X,0,-999,False,False,True,0.0,jsonl
R1665J,R1665J,catFR1,X,0,-999,False,True,False,0.0,json
R1665J,R1665J,catFR1,X,1,-999,False,True,False,0.0,json
R1665J,R1665J,catFR1,X,2,-999,False,True,False,0.0,json
R1666S,R1666S,catFR1,X,0,-999,False,True,False,0.0,json
R1666S,R1666S,catFR1,X,2,-999,False,True,False,0.0,json
R1666S,R1666S,catFR1,X,4,-999,False,True,False,0.0,json
R1666S,R1666S,catFR1,X,5,-999,False,True,False,0.0,json
R1666S,R1666S,catFR1,X,6,-999,False,True,False,0.0,json
R1666S,R1666S,catFR1,X,7,-999,False,True,False,0.0,json
R1666S,R1666S,catFR6,X,1,-999,False,True,False,0.0,json
R1666S,R1666S,catFR6,X,10,-999,False,True,False,0.0,json
R1666S,R1666S,catFR6,X,14,-999,False,True,False,0.0,json
R1666S,R1666S,catFR6,X,15,-999,False,True,False,0.0,json
R1666S,R1666S,catFR6,X,16,-999,False,True,False,0.0,json
R1666S,R1666S,catFR6,X,17,-999,False,True,False,0.0,json
R1666S,R1666S,catFR6,X,18,-999,False,True,False,0.0,json
R1666S,R1666S,catFR6,X,19,-999,False,True,False,0.0,json
R1666S,R1666S,catFR6,X,20,-999,False,True,False,0.0,json
R1666S,R1666S,catFR6,X,21,-999,False,True,False,0.0,json
R1668S,R1668S,catFR1,X,0,-999,False,True,False,0.0,json
R1668S,R1668S,catFR1,X,1,-999,False,True,False,0.0,json
R1668S,R1668S,catFR1,X,2,-999,False,True,False,0.0,json
R1668S,R1668S,catFR1,X,3,-999,False,True,False,0.0,json
R1668S,R1668S,catFR1,X,4,-999,False,True,False,0.0,json
R1668S,R1668S,catFR6,X,6,-999,False,True,False,0.0,json
R1668S,R1668S,catFR6,X,8,-999,False,True,False,0.0,json
R1668S,R1668S,catFR6,X,9,-999,False,True,False,0.0,json
R1668S,R1668S,catFR6,X,10,-999,False,True,False,0.0,json
R1668S,R1668S,catFR6,X,14,-999,False,True,False,0.0,json
R1668S,R1668S,catFR6,X,16,-999,False,True,False,0.0,json
R1668S,R1668S,catFR6,X,17,-999,False,True,False,0.0,json
R1668S,R1668S,catFR6,X,20,-999,False,True,False,0.0,json
R1668S,R1668S,catFR6,X,23,-999,False,True,False,0.0,json
R1668S,R1668S,catFR6,X,24,-999,False,True,False,0.0,json
R1668S,R1668S,catFR6,X,26,-999,False,True,False,0.0,json
R1670J,R1670J,RepFR1,X,0,-999,False,False,True,0.09964999999999999,jsonl
R1670J,R1670J,RepFR1,X,1,-999,False,False,True,0.1087,jsonl
R1670J,R1670J,catFR1,X,0,-999,False,True,False,0.0,json
R1670J,R1670J,catFR1,X,1,-999,False,True,False,0.0,json
R1670J,R1670J,catFR1,X,2,-999,False,True,False,0.0,json
R1670J,R1670J,catFR1,X,3,-999,False,True,False,0.0,json
R1672T,R1672T,catFR1,X,0,-999,False,True,False,0.0,json
R1672T,R1672T,catFR1,X,1,-999,False,True,False,0.0,json
R1672T,R1672T,catFR1,X,2,-999,False,True,False,0.0,json
R1672T,R1672T,catFR1,X,3,-999,False,True,False,0.0,json
R1672T,R1672T,catFR1,X,4,-999,False,True,False,0.0,json
R1674A,R1674A,catFR1,CatFR1,0,-999,False,True,False,0.0,json
R1674A,R1674A,catFR1,CatFR1,1,-999,False,True,False,0.0,json
R1674A,R1674A,catFR1,CatFR1,2,-999,False,True,False,0.0,json
R1674A,R1674A,catFR1,CatFR1,3,-999,False,True,False,0.0,json
R1676J,R1676J,catFR1,X,0,-999,False,True,False,0.0,json
R1676J,R1676J,catFR1,X,1,-999,False,True,False,0.0,json
R1676J,R1676J,catFR1,X,2,-999,False,True,False,0.0,json
R1678T,R1678T,catFR1,X,0,-999,False,True,False,0.0,json
R1678T,R1678T,catFR1,X,1,-999,False,True,False,0.0,json
R1678T,R1678T,catFR1,X,2,-999,False,True,False,0.0,json
R1679J,R1679J,RepFR1,X,0,-999,False,False,True,0.09295,jsonl
R1679J,R1679J,RepFR1,X,1,-999,False,False,True,0.1057,jsonl
R1679J,R1679J,RepFR1,X,2,-999,False,False,True,0.10555,jsonl
R1679J,R1679J,RepFR1,X,3,-999,False,False,True,0.09090000000000001,jsonl
R1679J,R1679J,RepFR2,X,0,-999,False,False,True,0.09845000000000001,jsonl
R1679J,R1679J,catFR1,X,0,-999,False,True,False,0.0,json
R1679J,R1679J_1,RepFR2,X,1,0,False,False,True,0.09104999999999999,jsonl
R1679J,R1679J_1,RepFR2,X,2,1,False,False,True,0.0909,jsonl
R1680T,R1680T,catFR1,X,0,-999,False,True,False,0.0,json
R1680T,R1680T,catFR1,X,1,-999,False,True,False,0.0,json
R1680T,R1680T,catFR1,X,2,-999,False,True,False,0.0,json
R1680T,R1680T,catFR1,X,3,-999,False,True,False,0.0008,json
R1681J,R1681J,RepFR1,X,0,-999,False,False,True,0.08865,jsonl
R1681J,R1681J,RepFR1,X,1,-999,False,False,True,0.09889999999999999,jsonl
R1681J,R1681J,RepFR1,X,2,-999,False,False,True,0.09655,jsonl
R1681J,R1681J,RepFR1,X,3,-999,False,False,True,0.1078,jsonl
R1681J,R1681J,RepFR1,X,4,-999,False,False,True,0.08835,jsonl
R1681J,R1681J,RepFR2,X,0,-999,False,False,True,0.10550000000000001,jsonl
R1681J,R1681J,RepFR2,X,1,-999,False,False,True,0.08825,jsonl
R1681J,R1681J,RepFR2,X,2,-999,False,False,True,0.09115000000000001,jsonl
R1681J,R1681J,RepFR2,X,3,-999,False,False,True,0.09054999999999999,jsonl
R1681J,R1681J,catFR1,X,0,-999,False,True,False,0.0,json
R1681J,R1681J,catFR1,X,1,-999,False,True,False,0.0,json
R1683A,R1683A,ICatFR1,X,0,-999,False,True,False,0.0,json
R1683A,R1683A,ICatFR1,X,1,-999,False,True,False,0.0,json
R1683A,R1683A,ICatFR1,X,2,-999,False,True,False,0.0,json
R1683A,R1683A,catFR1,X,0,-999,False,True,False,0.0,json
R1683A,R1683A,catFR1,X,1,-999,False,True,False,0.0,json
R1683A,R1683A,catFR1,X,2,-999,False,True,False,0.0,json
R1683A,R1683A,catFR1,X,3,-999,False,True,False,0.0,json
R1684E,R1684E,RepFR2,X,0,-999,False,False,True,0.08145,jsonl
R1684E,R1684E,RepFR2,X,1,-999,False,False,True,0.0965,jsonl
R1686S,R1686S,ICatFR1,X,2,-999,False,True,False,0.0,json
R1686S,R1686S,ICatFR1,X,4,-999,False,True,False,0.0,json
R1686S,R1686S,ICatFR1,X,6,-999,False,True,False,0.0,json
R1686S,R1686S,ICatFR6,X,0,-999,False,True,False,0.0,json
R1686S,R1686S,ICatFR6,X,1,-999,False,True,False,0.0,json
R1686S,R1686S,ICatFR6,X,5,-999,False,True,False,0.0,json
R1686S,R1686S,IFR1,X,2,-999,False,True,False,0.0,json
R1686S,R1686S,IFR6,X,1,-999,False,True,False,0.0,json
R1689J,R1689J,ICatFR1,X,0,-999,False,True,False,0.0,json
R1689J,R1689J,catFR1,X,0,-999,False,True,False,0.0,json
R1690E,R1690E,RepFR1,X,0,-999,False,False,True,0.0531,jsonl
R1690E,R1690E,RepFR1,X,1,-999,False,False,True,0.1,jsonl
R1690E,R1690E_1,RepFR2,X,0,0,False,False,True,0.0969,jsonl
R1692T,R1692T,ICatFR1,X,0,-999,False,True,False,0.0,json
R1692T,R1692T,RepFR1,X,0,-999,False,False,True,0.055249999999999994,jsonl
R1692T,R1692T,RepFR2,X,0,-999,False,False,True,0.0619,jsonl
R1693J,R1693J,EFRCourierOpenLoop,X,0,-999,False,False,True,0.0,jsonl
R1693J,R1693J,EFRCourierOpenLoop,X,1,-999,False,False,True,0.0,jsonl
R1693J,R1693J,RepFR2,X,0,-999,False,False,True,0.10295,jsonl
R1693J,R1693J,RepFR2,X,1,-999,False,False,True,0.10419999999999999,jsonl
R1693J,R1693J,RepFR2,X,2,-999,False,False,True,0.0951,jsonl
R1693J,R1693J,RepFR2,X,3,-999,False,False,True,0.101,jsonl
R1694E,R1694E,RepFR2,X,0,-999,False,False,True,0.08285000000000001,jsonl
R1696L,R1696L,catFR1,CatFR1,0,-999,False,True,False,0.0,json
R1697E,R1697E,RepFR2,X,1,-999,False,False,True,0.09409999999999999,jsonl
R1697E,R1697E,RepFR2,X,2,-999,False,False,True,0.0941,jsonl
R1697E,R1697E,RepFR2,X,3,-999,False,False,True,0.09309999999999999,jsonl
R1697E,R1697E,RepFR2,X,4,-999,False,False,True,0.08135,jsonl
R1697E,R1697E,RepFR2,X,5,-999,False,False,True,0.10045,jsonl
R1698H,R1698H,RepFR2,X,0,-999,False,False,True,0.10045,jsonl
R1698H,R1698H,RepFR2,X,1,-999,False,False,True,0.09770000000000001,jsonl
R1698H,R1698H,RepFR2,X,2,-999,False,False,True,0.0937,jsonl
R1700E,R1700E,RepFR2,X,0,-999,False,False,True,0.08535000000000001,jsonl
R1701A,R1701A,ICatFR1,X,2,-999,False,True,False,0.0,json
R1701A,R1701A,ICatFR1,X,3,-999,False,True,False,0.0,json
R1701A,R1701A,ICatFR1,X,5,-999,False,True,False,0.0,json
R1701A,R1701A,catFR6,X,0,-999,False,True,False,0.0,json
R1702J,R1702J,RepFR2,X,0,-999,False,False,True,0.10139999999999999,jsonl
R1702J,R1702J,RepFR2,X,1,-999,False,False,True,0.1026,jsonl
R1702J,R1702J,RepFR2,X,2,-999,False,False,True,0.09365,jsonl
R1702J,R1702J_1,RepFR2,X,3,0,False,False,True,0.09085,jsonl
R1703E,R1703E,RepFR2,X,0,-999,False,False,True,0.09555,jsonl
R1703E,R1703E,RepFR2,X,1,-999,False,False,True,0.07865,jsonl
R1704E,R1704E,RepFR2,X,0,-999,False,False,True,0.09665,jsonl
R1704E,R1704E,RepFR2,X,1,-999,False,False,True,0.09090000000000001,jsonl
R1704E,R1704E,RepFR2,X,2,-999,False,False,True,0.0996,jsonl
R1704E,R1704E,RepFR2,X,3,-999,False,False,True,0.0896,jsonl
R1708A,R1708A,ICatFR1,X,0,-999,False,True,False,0.0,json
R1708A,R1708A,ICatFR1,X,1,-999,False,True,False,0.0,json
R1709J,R1709J,EFRCourierOpenLoop,X,0,-999,False,False,True,0.0,jsonl
R1709J,R1709J,EFRCourierOpenLoop,X,1,-999,False,False,True,0.0,jsonl
R1709J,R1709J,ICatFR1,X,0,-999,False,True,False,0.0,json
R1709J,R1709J,RepFR2,X,0,-999,False,False,True,0.0985,jsonl
R1710J,R1710J,ICatFR1,X,0,-999,False,True,False,0.0,json
R1710J,R1710J,ICatFR1,X,1,-999,False,True,False,0.0,json
R1710J,R1710J,IFR1,X,0,-999,False,True,False,0.0,json
R1710J,R1710J,RepFR2,X,0,-999,False,False,True,0.0907,jsonl
R1710J,R1710J,RepFR2,X,1,-999,False,False,True,0.09375,jsonl
R1710J,R1710J,RepFR2,X,2,-999,False,False,True,0.09465000000000001,jsonl
R1711A,R1711A,ICatFR1,X,0,-999,False,True,False,0.0,json
R1720S,R1720S,ICatFR1,X,0,-999,False,True,False,0.0,json
R1720S,R1720S,ICatFR1,X,4,-999,False,True,False,0.0,json
R1720S,R1720S,ICatFR1,X,6,-999,False,True,False,0.0,json
R1720S,R1720S,ICatFR1,X,8,-999,False,True,False,0.0,json
R1720S,R1720S,ICatFR1,X,10,-999,False,True,False,0.0,json
R1720S,R1720S,IFR1,X,0,-999,False,True,False,0.0,json
R1720S,R1720S,IFR1,X,2,-999,False,True,False,0.0,json
R1721J,R1721J,ICatFR1,X,0,-999,False,True,False,0.0,json
R1721J,R1721J,ICatFR1,X,1,-999,False,True,False,0.0,json
R1721J,R1721J,ICatFR1,X,2,-999,False,True,False,0.0,json
R1721J,R1721J,IFR1,X,0,-999,False,True,False,0.0,json
R1721J,R1721J,IFR1,X,1,-999,False,True,False,0.0,json
R1721J,R1721J,RepFR2,X,0,-999,False,False,True,0.1013,jsonl
R1721J,R1721J,RepFR2,X,1,-999,False,False,True,0.0986,jsonl
R1721J,R1721J,RepFR2,X,2,-999,False,False,True,0.09495,jsonl
R1721J,R1721J,RepFR2,X,3,-999,False,False,True,0.11255,jsonl
R1724J,R1724J,EFRCourierOpenLoop,X,0,-999,False,False,True,0.0,jsonl
R1724J,R1724J,ICatFR1,X,0,-999,False,True,False,0.0,json
R1724J,R1724J,ICatFR1,X,1,-999,False,True,False,0.0,json
R1724J,R1724J,IFR1,X,0,-999,False,True,False,0.0,json
R1724J,R1724J,IFR1,X,1,-999,False,True,False,0.0,json
R1724J,R1724J,RepFR2,X,0,-999,False,False,True,0.1096,jsonl
R1724J,R1724J,RepFR2,X,1,-999,False,False,True,0.0877,jsonl
R1725J,R1725J,ICatFR1,X,0,-999,False,True,False,0.0,json
R1725J,R1725J,ICatFR1,X,1,-999,False,True,False,0.0,json
R1725J,R1725J,IFR1,X,0,-999,False,True,False,0.0,json
R1726A,R1726A,ICatFR1,X,0,-999,False,True,False,0.0,json
R1726A,R1726A,ICatFR1,X,1,-999,False,True,False,0.0,json
R1726A,R1726A,ICatFR1,X,2,-999,False,True,False,0.0,json
R1726A,R1726A,IFR6,X,2,-999,False,True,False,0.0,json
R1726A,R1726A,catFR6,X,0,-999,False,True,False,0.0,json
